id,title,upload_date,duration,url,description
gVaM8Fbjljw,Only $2 Noodle!? First-Time Visitors to Japan Impressed the Udon Diner!,20260717,1863,https://www.youtube.com/watch?v=gVaM8Fbjljw,"Shop Name　Konpira Udon Matabee
Map　https://maps.app.goo.gl/QEVuDynMuRGNmChs9
Address　Peace Park Honkawa, 2-1-20 Honkawa-cho, Naka-ku, Hiroshima City, Hiroshima Prefecture

※ Please note that the information in this video is accurate as of the time of filming.

0:00 Preview　
0:48 Main Content

Japanese Food Noodles
https://www.youtube.com/channel/UCxnZ8xQrppBhwj-_wuzWfIA

#udon #tempura #japanesefood"
CzTVxom0asE,Why This Japanese Diner Starts Prep at 2AM for Giant Omelets and Tempura Bowls,20260716,2468,https://www.youtube.com/watch?v=CzTVxom0asE,"Shop Name　100-Year Shokudo Tanakaya
Map　https://maps.app.goo.gl/3WNApAGxttutcVUg7
Address　3-11-26 Ritsurincho, Takamatsu City, Kagawa

※ Please note that the information in this video is accurate as of the time of filming.

0:00 Main video
00:19 Prep work begins
01:44 The owner's thoughts
07:20 Picking up trash
10:03 Making tamagoyaki (Japanese rolled omelet)
16:54 Selling vegetables
18:00 Making bento boxes
26:04 Store opens
27:46 Tamagoyaki set meal
38:01 Seasonal vegetable kakiage (tempura) rice bowl & marinated squid (okizuke)

Japanese Food Noodles
https://www.youtube.com/channel/UCxnZ8xQrppBhwj-_wuzWfIA

#Diner #Tamagoyaki #TempuraBowl"
DXLGq0h_qPc,One Man Butchers 460 lbs of Wagyu a Day for This $4 Kalbi Bowl,20260715,2069,https://www.youtube.com/watch?v=DXLGq0h_qPc,"Shop Name　Hakutozan
Map　https://maps.app.goo.gl/dKJHna5UvZqddzr1A
Address　5-6-1 Hosoya-cho, Toyota, Aichi　

※ Please note that the information in this video is accurate as of the time of filming.

0:00 Preview　
0:52 Main Content

Japanese Food Noodles
https://www.youtube.com/channel/UCxnZ8xQrppBhwj-_wuzWfIA

#Wagyu #Japan #JapaneseStreetFood"
IT-361nNx54,Only $3 Dumplings So Good This Shop Ages the Filling a Full Day,20260714,2118,https://www.youtube.com/watch?v=IT-361nNx54,"Shop Name　Chinese Restaurant Manchu
Map　https://maps.app.goo.gl/cTmCJaAXq89z8yj76
Address　Shiohama Honmachi, Yokkaichi City, Mie Prefecture　

※ Please note that the information in this video is accurate as of the time of filming.

0:00 Preview　
0:38 Main Content

Japanese Food Noodles
https://www.youtube.com/channel/UCxnZ8xQrppBhwj-_wuzWfIA

#Friedrice #Japan #JapaneseStreetFood"
b_4Gae95jh0,How Can One Woman Cook So Many Oyster Orders?,20260714,2051,https://www.youtube.com/watch?v=b_4Gae95jh0,"Shop Name　Marumi
Map　https://goo.gl/maps/GNHEde2zqBZRQsp8A
Address　886 Nissei, Nissei Town, Bizen City, Okayama Prefecture

※ Please note that the information in this video is accurate as of the time of filming.

0:00 Preview　
1:24 Main Content

Japanese Food Noodles
https://www.youtube.com/channel/UCxnZ8xQrppBhwj-_wuzWfIA

#okonomiyaki #yakisoba #japanesefood"
JtzB9KSB1Fk,Why This Chef Sleeps 2 Hours a Day to Serve 400 Customers Scallop Curry from 5 AM,20260713,2334,https://www.youtube.com/watch?v=JtzB9KSB1Fk,"Shop Name　Marutoma Shokudo
Map　https://maps.app.goo.gl/HkJxPAsM5oZFox9x8
Address　Tomakomai City Public Wholesale Market, 1-1-13 Shiomi-cho, Tomakomai City, Hokkaido　

※ Please note that the information in this video is accurate as of the time of filming.

0:00 Preview　
0:49 Main Content

Japanese Food Noodles
https://www.youtube.com/channel/UCxnZ8xQrppBhwj-_wuzWfIA

#Curry #Hokkaido #JapaneseStreetFood"
D56NY1tjSL4,Why Locals Rush to Tokyo’s 75-Year-Old Ramen Shop Serving 300 Bowls a Day,20260713,3276,https://www.youtube.com/watch?v=D56NY1tjSL4,"Shop Name Chinese Noodle Shop Kiraku
Map: https://maps.app.goo.gl/ia2aPr6nsLy7f51CA
Address: 2-17-6 Dogenzaka, Shibuya-ku, Tokyo

※ Please note that the information in this video is accurate as of the time of filming.

0:00 Preview　
0:53 Main Content

Japanese Food Noodles
https://www.youtube.com/channel/UCxnZ8xQrppBhwj-_wuzWfIA

#Ramen #Shibuya #TokyoGourmet"
bOhzu7YsTg4,Why People from Around the World Love These Tattooed Brothers’ Mexican Food in Japan,20260712,2616,https://www.youtube.com/watch?v=bOhzu7YsTg4,"Shop Name　Graffity Mexican & American
Map　https://maps.app.goo.gl/VqXQHTCi7KQtqj2R8
Address　EXA Bldg., 6-4 Fukuromachi, Naka-ku, Hiroshima City, Hiroshima

※ Please note that the information in this video is accurate as of the time of filming.

0:00 Highlights
0:28 Main video

Japanese Food Noodles
https://www.youtube.com/channel/UCxnZ8xQrppBhwj-_wuzWfIA

#Steak #Tacos #American #HiroshimaGourmet"
9V5JsSwmcf8,Why Workers Rush to This 24/7 Truck Station for Huge Garlic Ramen and Rice,20260712,7030,https://www.youtube.com/watch?v=9V5JsSwmcf8,"0:00 Shop Name　Nintama Ramen - Ibaraki Truck Station
Map　https://maps.app.goo.gl/xVwaetngzW33z6a26
Address　1390 Nishigochi, Omitama City, Ibaraki Prefecture　

33:25 Shop Name　Tenshinhan Specialty Restaurant Ten
Map　https://maps.app.goo.gl/QBzw25tvk9kzN1Wx5
Address　1346 Ono, Kagawa-cho, Takamatsu City, Kagawa Prefecture

1:09:26 Shop Name　Gokigen Ramen
Map　https://maps.app.goo.gl/vfxS8p38wz5v9Guw7
Address　3-1-6 Meieki, Nakamura-ku, Nagoya, Aichi Prefecture

※ Please note that the information in this video is accurate as of the time of filming.


Japanese Food Noodles
https://www.youtube.com/channel/UCxnZ8xQrppBhwj-_wuzWfIA

#Ramen #Friedrice #JapaneseStreetFood"
Hz5HgX4AbqU,Zero Profit?! This Couple Sells 12 Takoyaki for $4 — All for the Local Students,20260711,1291,https://www.youtube.com/watch?v=Hz5HgX4AbqU,"Shop Name　Takoyaki Shuen
Map　https://maps.app.goo.gl/efCtFEP6BEWS7Vqk8?g_st=ic
Address　172-3 Minamikuroda, Masaki-cho, Iyo District, Ehime　

※ Please note that the information in this video is accurate as of the time of filming.

0:00 Preview　
0:47 Main Content

Japanese Food Noodles
https://www.youtube.com/channel/UCxnZ8xQrppBhwj-_wuzWfIA

#Takoyaki #Food #JapaneseStreetFood"
1266jfhURVM,"Why 1,200 People Rush to This Chinese Restaurant Everyday?",20260711,12133,https://www.youtube.com/watch?v=1266jfhURVM,"0:00　Chinese Restaurant Tenjiku Himeji
Map　https://maps.app.goo.gl/4qMLE3VQSV4Gp3G39
Address　7-8-16 Tsuchiyama, Himeji City, Hyogo Prefecture

2:18:47　Chinese Cuisine Beijing
MAP https://maps.app.goo.gl/FZ1g2D9DzQxvoQDv6
Address: Nakamura Bldg., 1-10-14 Minami-machi, Minami-ku, Hiroshima City, Hiroshima Prefecture

2:50:31　Under One Roof
MAP https://maps.app.goo.gl/YJaM3muYkqcTEYZQ6
Address: 2-1 Tenjin, Chuo-ku, Fukuoka City, Fukuoka Prefecture

※ Please note that the information in this video is accurate as of the time of filming.

Japanese Food Noodles
https://www.youtube.com/channel/UCxnZ8xQrppBhwj-_wuzWfIA

#chinesefood #ramen #friedrice #japanesefood"
TADm8DUeQIo,Prawn in Curry?! Why This Kobe Udon Sells Nonstop for 14 Hours a Day,20260710,883,https://www.youtube.com/watch?v=TADm8DUeQIo,"Shop Name　Honda Menba
Map　https://goo.gl/maps/PevsxwSRFiF7q6uP9
Address　Wakore Station Plaza Hyogo 101, Tsukamoto-dori 6-2-32, Hyogo-ku, Kobe-shi, Hyogo

※ Please note that the information in this video is accurate as of the time of filming.

0:00 Preview　
0:24 Main Content

Japanese Food Noodles
https://www.youtube.com/channel/UCxnZ8xQrppBhwj-_wuzWfIA

#curry  #Udon #JapaneseStreetFood"
PGspy37xvBM,60 Seconds Per Bowl! This Tonkotsu Ramen Shop Sells 600 Bowls a Day,20260710,1320,https://www.youtube.com/watch?v=PGspy37xvBM,"Shop Name　Daikyu Ramen Yoshinogari Main Store
Map　https://maps.app.goo.gl/MtPyjncHN54XXveV9
Address　30-3 Yoshida, Yoshinogari-cho, Kanzaki-gun, Saga

※ Please note that the information in this video is accurate as of the time of filming.

0:00 Highlights
0:48 Main video
1:57 Preparing the chashu (braised pork)
3:34 History of the restaurant
4:50 Preparing the special tonkotsu broth
6:51 Store opens
7:11 Menu
11:14 Tonkotsu ramen with a raw egg
14:23 Lunchtime rush begins
16:07 Kaedama (noodle refill) rush
20:19 The 3rd generation owner talks about the difficulty of making the soup and passing down the legacy

Japanese Food Noodles
https://www.youtube.com/channel/UCxnZ8xQrppBhwj-_wuzWfIA

#Ramen #ChineseFood #SagaGourmet"
JVB0hJ_VyTY,$3 Cheep Noodle! Non-Stop Tempura Service at Udon Restaurant,20260709,2083,https://www.youtube.com/watch?v=JVB0hJ_VyTY,"Shop Name　Sanuki Udon Kuuchan Main Branch
Map　https://maps.app.goo.gl/79wQxHuzniCMiihP9?g_st=ic
Address　599-5 Tanaka, Kita-ku, Okayama City, Okayama Prefecture

※ Please note that the information in this video is accurate as of the time of filming.

0:00 Preview　
1:16 Main Content

Japanese Food Noodles
https://www.youtube.com/channel/UCxnZ8xQrppBhwj-_wuzWfIA

#udon #tempura #onigiri #japanesefood"
89ZkZlGdNqw,Monster-Sized Steaks! Tokyo’s 44-Seat Basement Steakhouse Gets Packed,20260709,2974,https://www.youtube.com/watch?v=89ZkZlGdNqw,"Shop Name Guts Grill Shinjuku Branch
Map: https://maps.app.goo.gl/U3bDFyjr6QkGV3DKA
Address: B1, 2-1-1 Nishi-Shinjuku, Shinjuku-ku, Tokyo　

※ Please note that the information in this video is accurate as of the time of filming.

0:00 Preview　
1:06 Main Content

Japanese Food Noodles
https://www.youtube.com/channel/UCxnZ8xQrppBhwj-_wuzWfIA

#Steak #Meat #Hamburger #TokyoGourmet"
XE8_4Dy7Fuc,Why Do Osaka Market Workers Rush to This Udon Shop for $2 Fried Rice?,20260708,1196,https://www.youtube.com/watch?v=XE8_4Dy7Fuc,"Shop Name　Tenuki Udon Marunaka
Map　https://maps.app.goo.gl/RbBAjavmA4Qcofc36
Address　1-2-68 Imabayashi, Higashisumiyoshi-ku, Osaka　

※ Please note that the information in this video is accurate as of the time of filming.

0:00 Preview　
0:22 Main Content

Japanese Food Noodles
https://www.youtube.com/channel/UCxnZ8xQrppBhwj-_wuzWfIA


#friedrice #Udon #JapaneseStreetFood"
bBhMD0RV7Vg,Raw Wild Bear Sashimi?! Inside Japan's Only World Heritage Diner Serving This $13 Treat!,20260707,2101,https://www.youtube.com/watch?v=bBhMD0RV7Vg,"Shop Name　Ajidokoro Takachiyo
Map　https://maps.app.goo.gl/LkoZyGdya8GLvoxq8
Address　697-3 Obara, Nanto, Toyama　

※ Please note that the information in this video is accurate as of the time of filming.

0:00 Preview　
1:00 Main Content

Japanese Food Noodles
https://www.youtube.com/channel/UCxnZ8xQrppBhwj-_wuzWfIA

#Pork #JapaneseFood #StreetFood"
5SZbztbvUro,Why 400 Customers a Day Pack This Chinese Mala Tang Shop in Japan,20260707,1119,https://www.youtube.com/watch?v=5SZbztbvUro,"Shop Name　Xiao Nezha Malatang
Map　https://maps.app.goo.gl/hkTjeMmb8nMPrbpT6
Address　1-13-13 Kogane, Kokurakita-ku, Kitakyushu, Fukuoka

※ Please note that the information in this video is accurate as of the time of filming.

0:00 Highlights
0:24 Main video
4:38 Making the staff meal
5:15 Store opens
9:33 A man who took too many ingredients
12:07 A guy who visits 3 times a week

Japanese Food Noodles
https://www.youtube.com/channel/UCxnZ8xQrppBhwj-_wuzWfIA

#Malatang #ChineseFood #Ramen"
CUV1CQ5qDxc,Non-Stop 24H Diner! Inside a Japanese Sauna Serving Crazy $5 Nostalgic Comfort Food!,20260706,2391,https://www.youtube.com/watch?v=CUV1CQ5qDxc,"Shop Name　Sauna Pier
Map　https://maps.app.goo.gl/Dk7MAaV1ugSSnuR5A
Address　Yono-wari 66-67, Jinno Shinden-cho, Toyohashi, Aichi　

※ Please note that the information in this video is accurate as of the time of filming.

0:00 Preview　
0:59 Main Content

Japanese Food Noodles
https://www.youtube.com/channel/UCxnZ8xQrppBhwj-_wuzWfIA

#Sauna #JapaneseFood #StreetFood"
81dhoQGn-ww,"Why This Tokyo Steakhouse Makes $80,000 a Month Serving Monster Steaks",20260706,2588,https://www.youtube.com/watch?v=81dhoQGn-ww,"Shop Name Steak Lodge Shibuya Dogenzaka Branch
Map: https://maps.app.goo.gl/knW9G5qidiBJJRxd9
Address: 2-6-3 Dogenzaka, Shibuya-ku, Tokyo　

※ Please note that the information in this video is accurate as of the time of filming.

0:00 Preview　
0:55 Main Content

Japanese Food Noodles
https://www.youtube.com/channel/UCxnZ8xQrppBhwj-_wuzWfIA

#Steak #Meat #TokyoGourmet"
J595uuZxdt4,Lid Won’t Close! Why Does This Chef Cook 5 lbs Monster Bento Daily with ZERO Profit?!,20260705,2278,https://www.youtube.com/watch?v=J595uuZxdt4,"Shop Name　Hokka Hokka Taisho
Map　https://maps.app.goo.gl/JskfYAo3KG1UucyK6
Address　9-27 Kosone-cho, Kiryu, Gunma　

※ Please note that the information in this video is accurate as of the time of filming.

0:00 Preview　
0:40 Main Content

Japanese Food Noodles
https://www.youtube.com/channel/UCxnZ8xQrppBhwj-_wuzWfIA

#Bento #Karaage #Tempura #StreetFood"
tlBCv2bhvwo,Why Workers Keep This Hidden Osaka Diner Packed Every Single Night!,20260705,10810,https://www.youtube.com/watch?v=tlBCv2bhvwo,"0:00 Shop Name: Obanzai Suzu
Map: https://maps.app.goo.gl/7ZBbWgK2eSd7CyqM8
Address: 1st Floor, SUN’S Building, 1-18-9 Tenjinbashi, Kita Ward, Osaka City, Osaka Prefecture

50:13 Shop Name　Rie's Yakisoba Chintonshan ~Panda Ya~
Map　https://maps.app.goo.gl/7GiZ9c3Ka9aXZeN28
Address　23 Asahi-cho, Seto City, Aichi Prefecture

1:15:50 Shop Name　Brand Pork Tonkatsu Shibaken
Map　https://maps.app.goo.gl/4GLEpPbeDNLcYUJTA
Address　1-13-8 Uchidai-cho, Miyakojima-ku, Osaka

1:49:04 Shop Name　Steak & Hamburger Maedatei Kazo
Map　https://maps.app.goo.gl/GXWBvSn2DASAKqz28
Address　1-6-49 Atago, Kazo City, Saitama Prefecture

2:28:37 Shop Name　JOHN Kariosutoro
Map　https://maps.app.goo.gl/bqokkPh1Rpi9UHDY6
Address　2-251 Nukashinbo, Kanazawa City, Ishikawa Prefecture　

※ Please note that the information in this video is accurate as of the time of filming.

Japanese Food Noodles
https://www.youtube.com/channel/UCxnZ8xQrppBhwj-_wuzWfIA

#Food #Japan #JapaneseStreetFood"
E_0f-dQlwKQ,Genghis Khan Meets Ramen?! Master Cooks 3 lbs Monster Lamb for This Insane $8 Miso Ramen Shop,20260704,1316,https://www.youtube.com/watch?v=E_0f-dQlwKQ,"Shop Name　Horyu Sohonten
Map　https://maps.app.goo.gl/Y7Uar1ga5cWxeAy77
Address　3-chome, Minami 6-jo Nishi, Chuo-ku, Sapporo, Hokkaido　

※ Please note that the information in this video is accurate as of the time of filming.

0:00 Preview　
0:27 Main Content

Japanese Food Noodles
https://www.youtube.com/channel/UCxnZ8xQrppBhwj-_wuzWfIA

#Ramen #Hokkaido #JapaneseStreetFood"
UFhrIuuAy74,She Serves $4 Japanese Savory Pancake with a 5 lbs Monster Jumbo Chicken! Ultimate Meat Feast,20260703,2713,https://www.youtube.com/watch?v=UFhrIuuAy74,"Shop Name　Okonomiyaki Yamada
Map　https://maps.app.goo.gl/8ybjL6CVfuhYATZa9
Address　203 Kozainishi-machi, Takamatsu, Kagawa　

※ Please note that the information in this video is accurate as of the time of filming.

0:00 Preview　
0:54 Main Content

Japanese Food Noodles
https://www.youtube.com/channel/UCxnZ8xQrppBhwj-_wuzWfIA


#Okonomiyaki #Yakisoba #JapaneseFood #StreetFood"
DkE340Rs1rY,1 MENU ONLY? 69 Grandfather & His Daughter run Ramen Shop!,20260702,1789,https://www.youtube.com/watch?v=DkE340Rs1rY,"Shop Name　Idehara
Map　https://maps.app.goo.gl/Nto4cJF4iuV5qcnD7
Address　2827 Kasaoka, Kasaoka-shi, Okayama

※ Please note that the information in this video is accurate as of the time of filming.

0:00 Preview　
0:29 Main Content

Japanese Food Noodles
https://www.youtube.com/channel/UCxnZ8xQrppBhwj-_wuzWfIA

#ramen #udon #friedrice #japanesefood"
ubgC7YKWPgs,Served in 5 Seconds! Japan’s $3 Soba Shop for Hungry Workers,20260702,1655,https://www.youtube.com/watch?v=ubgC7YKWPgs,"Restaurant Name: Udon & Soba Restaurant Fukutaro
Map: https://maps.app.goo.gl/AmQD8844sWvi98r27
Address: 1F, 6-9-15 Oshima, Koto-ku, Tokyo

※ Please note that the information in this video is accurate as of the time of filming.

Japanese Food Noodles
https://www.youtube.com/channel/UCxnZ8xQrppBhwj-_wuzWfIA

#udon  #soba #TokyoFood"
uZ6sh56kgfs,Crazy Busy Japanese Diner! 3 Women Harvest & Cook 200 lbs of Organic Veggies for a $7 Feast!,20260701,1313,https://www.youtube.com/watch?v=uZ6sh56kgfs,"Shop Name　Nanoan
Map　https://g.page/nanoan_organic?share
Address　1F, Okubo-machi Ekimae 2-8-15, Akashi-shi, Hyogo

※ Please note that the information in this video is accurate as of the time of filming.

0:00 Preview　
0:17 Main Content

Japanese Food Noodles
https://www.youtube.com/channel/UCxnZ8xQrppBhwj-_wuzWfIA

#Soba #Food #Japan"
6kLdsGHGMUM,Only 1 Hour of Sleep! 50yo Master Blasts 300 lbs of Chinese Soup & $2 Fried Rice Solo From 3 AM,20260630,1670,https://www.youtube.com/watch?v=6kLdsGHGMUM,"Shop Name　Kaisen Chuka Ryori Don
Map　https://maps.app.goo.gl/pF6e6cdQECDVo8vc7
Address　1-35 Misasagidai, Koryo-cho, Kitakatsuragi District, Nara
　
※ Please note that the information in this video is accurate as of the time of filming.

0:00 Preview　
0:24 Main Content

Japanese Food Noodles
https://www.youtube.com/channel/UCxnZ8xQrppBhwj-_wuzWfIA

#FriedRice #Ramen #JapaneseFood #StreetFood"
_xFS4eqwbKU,Why This 39-Year-Old Owner’s 1kg Lean Steak Disappears in Minutes,20260629,1613,https://www.youtube.com/watch?v=_xFS4eqwbKU,"Store Name　Jinsei Iki ni Kanszu (Steak & Café)
Map　https://maps.app.goo.gl/Ysf43n3FHNdENxjP7
Address　346-3 Iinocho Higashi-ni, Marugame City, Kagawa Prefecture, Japan

※ Please note that the information in this video is accurate as of the time of filming.

0:00 Highlights
00:39 Main Feature
13:42 Grilling a 420g lean steak
20:36 An elderly man who eats steak every week

Japanese Food Noodles
https://www.youtube.com/channel/UCxnZ8xQrppBhwj-_wuzWfIA

#Teppanyaki #Steak #ThickCutShop Name"
jyyb9NfhxtY,Father of 4 Daughters Breaks 200 lbs of Bones Solo to Cook Tokyo-Style Monster $7 Ramen!,20260629,1869,https://www.youtube.com/watch?v=jyyb9NfhxtY,"Shop Name　Ramen Kokodake Taisho Branch
Map　https://maps.app.goo.gl/bkDN3qPg2pzSTg8x5
Address　1-18-2 Sanzenya Higashi, Taisho Ward, Osaka City　

※ Please note that the information in this video is accurate as of the time of filming.

0:00 Preview　
0:39 Main Content

Japanese Food Noodles
https://www.youtube.com/channel/UCxnZ8xQrppBhwj-_wuzWfIA

#Ramen #Osaka #JapaneseStreetFood"
0o_ctLvXhbU,Open 24 Hours! Why Hungry Locals Rush for $7 Monster Pork Soup at 3 AM in Japan,20260628,1729,https://www.youtube.com/watch?v=0o_ctLvXhbU,"Shop Name　Doyama Shokudo Bekkan
Map　https://maps.app.goo.gl/Z7z6yEtwbUzL3TSd9
Address　6-11 Doyama-cho, Kita-ku, Osaka　

※ Please note that the information in this video is accurate as of the time of filming.

0:00 Preview　
0:44 Main Content

Japanese Food Noodles
https://www.youtube.com/channel/UCxnZ8xQrppBhwj-_wuzWfIA

#Osaka #Food #JapaneseStreetFood"
arydhghF8UI,The Most Remote Roadside Diner in Japan (Inside a Ghost Town Mountain Village!),20260628,5191,https://www.youtube.com/watch?v=arydhghF8UI,"0:00 Shop Name　Ekimae Shokudo
Map　https://maps.app.goo.gl/pVdqUqp8VuitsQdQA?g_st=com.google.maps.preview.copy
Address  1370-1 Ogawa, Ootoyo-cho, Nagaoka-gun, Kochi Prefecture

26:58 Shop name　Kaneto Shokudo
Map　https://maps.app.goo.gl/GPL3GunGxcSNiLuj9
Address　1-2-16 Muroyamachi, Imabari City, Ehime Prefecture

59:39 Shop Name　Diner MARUKO
Map　https://goo.gl/maps/Sc8qgqgFq6oNE4AE8
Address　Shimohori 41-7, Toyama-shi, Toyama　

※ Please note that the information in this video is accurate as of the time of filming.


Japanese Food Noodles
https://www.youtube.com/channel/UCxnZ8xQrppBhwj-_wuzWfIA

#Food #Japan #JapaneseStreetFood"
PLjyr5Svmgk,80yo Staff Blasts 300 lbs of Forbidden Black Soup for This Insane $6 Ramen in Japan!,20260627,1359,https://www.youtube.com/watch?v=PLjyr5Svmgk,"Shop Name　Hideoya Nakata
Map　https://maps.app.goo.gl/vPbQUmszLvt67pHDA
Address　1-11-17 Nakata, Toyama City, Toyama Prefecture
　
※ Please note that the information in this video is accurate as of the time of filming.

0:00 Preview　
         Main Content

Japanese Food Noodles
https://www.youtube.com/channel/UCxnZ8xQrppBhwj-_wuzWfIA

#Ramen #Food #JapaneseStreetFood"
T7ZJUjz-6KA,He Serves $7 Ramen with a 5 lbs Monster Mountain Rice! Japan's Ultimate Carb Challenge,20260626,1755,https://www.youtube.com/watch?v=T7ZJUjz-6KA,"Shop Name　Yokohama Iekei Ramen Kokoro
Map　https://maps.app.goo.gl/vCxVJHVruQ6AxWH66
Address　1F Room A, 1-2-4 Obata, Moriyama-ku, Nagoya, Aichi　

※ Please note that the information in this video is accurate as of the time of filming.

0:00 Preview　
0:37 Main Content

Japanese Food Noodles
https://www.youtube.com/channel/UCxnZ8xQrppBhwj-_wuzWfIA

#Ramen #Food #JapaneseStreetFood"
1Vdbn1RMfl0,His Cafe Was About to Close Until His Daughter Gave Him This 1 Genius Idea...,20260626,1871,https://www.youtube.com/watch?v=1Vdbn1RMfl0,"Shop Name　Dashimaki Tamago Specialty Store Hyakka
Map　https://maps.app.goo.gl/JhhhtAfrGJ93tnpB7
Address　1-14-27 Shitennoji, Tennoji-ku, Osaka City, Osaka Prefecture　

※ Please note that the information in this video is accurate as of the time of filming.

Japanese Food Noodles
https://www.youtube.com/channel/UCxnZ8xQrppBhwj-_wuzWfIA

#DashimakiTamago #Eggroll #JapaneseStreetFood"
AiIzPbsSiUQ,Hidden Deep in the Mountains?! A Drive-In Udon Shop That Opens at 6AM!,20260625,2784,https://www.youtube.com/watch?v=AiIzPbsSiUQ,"Shop Name　Sugichaya Udon
Map　https://goo.gl/maps/XPkAtJVMcXG7yNTm8
Address　1552-4 Kawaguchi, Tatebe-cho, Kita-ku, Okayama City, Okayama Prefecture

※ Please note that the information in this video is accurate as of the time of filming.

0:00 Preview　
1:11 Main Content

Japanese Food Noodles
https://www.youtube.com/channel/UCxnZ8xQrppBhwj-_wuzWfIA

#udon #tempura #noodles #japanesefood"
JjztKrejrN8,How This Fried Rice King Works His Wrists to the Bone Making 1.2kg Fried Rice,20260625,3356,https://www.youtube.com/watch?v=JjztKrejrN8,"Shop Name Chinese Restaurant Daishintei
MAP: https://maps.app.goo.gl/PBVLMri3Lua3x1Sc8
Address: 184 Daigakuji-cho, Hachioji City, Tokyo

※ Please note that the information in this video is accurate as of the time of filming.

0:00 Preview　
0:55 Main Content
1:37 Preparing Karaage
21:00 Preparing Fried Rice
25:29 Menu

Japanese Food Noodles
https://www.youtube.com/channel/UCxnZ8xQrppBhwj-_wuzWfIA

#Ramen #FriedRice #friedchicken"
m1dc7NoOv2M,Diner Cooks with ZERO Profit! Slicing 200 lbs of Premium Brand Pork for a Crazy $10 Set Meal!,20260624,2078,https://www.youtube.com/watch?v=m1dc7NoOv2M,"Shop Name　Komedokoro Shibei
Map　https://maps.app.goo.gl/3CGQYSoTLn6RcSex8
Address　4-6-11 Itami, Itami City, Hyogo　

※ Please note that the information in this video is accurate as of the time of filming.

0:00 Preview　
0:20 Main Content

Japanese Food Noodles
https://www.youtube.com/channel/UCxnZ8xQrppBhwj-_wuzWfIA

#Tonkatsu #Food #JapaneseStreetFood"
LIxqF6wvLnU,This $7 Japanese Chicken & Pork Ramen with 300 lbs of Addictive Creamy Soup is Insane!,20260623,1555,https://www.youtube.com/watch?v=LIxqF6wvLnU,"Shop Name　Menya WaBISABI
Map　https://maps.app.goo.gl/7r5xAgukLp7sXx9w5
Address　57-1 Yasuda, Fuchu-machi, Toyama, Toyama　

※ Please note that the information in this video is accurate as of the time of filming.

0:00 Preview　
0:25 Main Content

Japanese Food Noodles
https://www.youtube.com/channel/UCxnZ8xQrppBhwj-_wuzWfIA

#Ramen #Curry #JapaneseStreetFood"
vN6J7nuHWPc,How This Ramen Chef Keeps the Founder’s Recipe Alive with 29-Hour Tonkotsu Soup,20260623,2756,https://www.youtube.com/watch?v=vN6J7nuHWPc,"Shop　Sandaime Senpachi Raiken
Map　https://maps.app.goo.gl/Z2onciFM8qJbtAHv6
Address　Daichi Daiichi Building, 2-2-30 Tokaichi-machi, Naka-ku, Hiroshima City, Hiroshima Prefecture, Japan

※ Please note that the information in this video is accurate as of the time of filming.

0:00 Digest
0:32 Main Feature

Japanese Food Noodles
https://www.youtube.com/channel/UCxnZ8xQrppBhwj-_wuzWfIA

#ramen #japanesefood #noodles"
9BQ08daIMaY,Why Work with No Rest?! The Secret of a 72yo Master Cooking 300 lbs of Addictive Oden,20260622,2309,https://www.youtube.com/watch?v=9BQ08daIMaY,"Shop Name　Maruhei Ramen Shimada
Map　https://maps.app.goo.gl/q8pq8uMuCPh2zBAJA
Address　2-810 Shimada, Tempaku-ku, Nagoya, Aichi　

※ Please note that the information in this video is accurate as of the time of filming.

0:00 Preview　
0:54 Main Content

Japanese Food Noodles
https://www.youtube.com/channel/UCxnZ8xQrppBhwj-_wuzWfIA

#Ramen #Food #JapaneseStreetFood"
h2iX4n8ywPA,Why This Japanese Chef’s Tempura Bowl Sells 200 Times a Day — and How He Makes It,20260622,1597,https://www.youtube.com/watch?v=h2iX4n8ywPA,"Shop Name Akasaka Tenbara-don Hoshino-ya
Map: https://maps.app.goo.gl/3JtW7wwwtDjCv5so8
Address: 1F Matsuda Building, 2-9-2 Akasaka, Minato-ku, Tokyo　　

※ Please note that the information in this video is accurate as of the time of filming.

0:00 Preview　
0:21 Main Content
11:24 Menu

Japanese Food Noodles
https://www.youtube.com/channel/UCxnZ8xQrppBhwj-_wuzWfIA

#Tempura #Lunch #tokyofood"
crVeiIATiPA,800 People Line Up! Tokyo’s Craziest $7 Iekei Ramen Shop Boiling 400 lbs of Bones Daily!,20260621,2665,https://www.youtube.com/watch?v=crVeiIATiPA,"Shop Name　Ramen Miuraya
Map　https://maps.app.goo.gl/rfstwgQ6AZY18zKE7
Address　6-5-1 Kanamachi, Katsushika-ku, Tokyo　

※ Please note that the information in this video is accurate as of the time of filming.

0:00 Preview　
1:11 Main Content

Japanese Food Noodles
https://www.youtube.com/channel/UCxnZ8xQrppBhwj-_wuzWfIA

#Ramen #Tokyo #JapaneseStreetFood"
TwihZc42jw4,Why Japanese Locals Line Up at 5 AM Just for This Fluffy Egg Breakfast!,20260621,6103,https://www.youtube.com/watch?v=TwihZc42jw4,"Shop name　Yawaragi
Map　https://maps.app.goo.gl/PRJ3Rsh1DHukpwmn7
Address　Tagoto Plaza Building 1F, 1-3-12 Shinsaibashisuji, Chuo-ku, Osaka-shi, Osaka Prefecture

Shop name　Osaka Fukuchan Ramen Tsukamoto store
Map　https://maps.app.goo.gl/EaZN1oRZUNvqGe8N8
Address　3-2-3 Tsukamoto, Yodogawa-ku, Osaka-shi, Osaka

Shop Name　Tosao Shoten
Map　https://maps.app.goo.gl/8Yn3zg9QYeRjoezz8
Address　476-4 Akaoka-cho, Konan City, Kochi Prefecture　

※ Please note that the information in this video is accurate as of the time of filming.


Japanese Food Noodles
https://www.youtube.com/channel/UCxnZ8xQrppBhwj-_wuzWfIA

#Food #Japan #JapaneseStreetFood"
zJAUUU_1p28,Delivery Ramen at Your House?! A Nighttime Food Truck Serving Bowls Outside Home!,20260621,1260,https://www.youtube.com/watch?v=zJAUUU_1p28,"Shop Name　Ramen Denko
Instagram　https://www.instagram.com/denko511/

※ Please note that the information in this video is accurate as of the time of filming.

0:00 Preview　
0:39 Main Content

Japanese Food Noodles
https://www.youtube.com/channel/UCxnZ8xQrppBhwj-_wuzWfIA

#foodstall #ramen #japanesestreetfood"
JuAJKV2ZYTg,Routine of a Japanese Udon Master! Waking Up at 4 AM to Boil 200 lbs of Secret Bonito Dashi,20260620,2055,https://www.youtube.com/watch?v=JuAJKV2ZYTg,"Shop name　Udonbō Takamatsu Main Store
Map　https://maps.app.goo.gl/xwuogGYiVMtFgiVP6?g_st=ic
Address　8-19 Kameicho, Takamatsu City, Kagawa Prefecture　

※ Please note that the information in this video is accurate as of the time of filming.

0:00 Preview　
0:44 Main content

Japanese Food Noodles
https://www.youtube.com/channel/UCxnZ8xQrppBhwj-_wuzWfIA

#Udon #Tempura #JapaneseStreetFood"
q6g76fJ704c,Crazy Busy Japanese Diner! Serving 300 Golden Pork Cutlet Bowls & 100 lbs of Legendary Dashi Daily,20260619,1536,https://www.youtube.com/watch?v=q6g76fJ704c,"Shop Name　Konan Soba
Map　https://goo.gl/maps/4JBoVAaDoNd1eekr6
Address　Okamoto 1-11-18, Higashi Nada-ku, Kobe-shi, Hyogo

※ Please note that the information in this video is accurate as of the time of filming.

0:00 Preview
0:40 Main Content

Japanese Food Noodles
https://www.youtube.com/channel/UCxnZ8xQrppBhwj-_wuzWfIA

#Soba #PorkCutletBowl #JapaneseStreetFood"
ghzT806wTjM,How This Indian Owner and His Japanese Wife Run a Tiny Curry Shop with Giant Portions,20260619,2587,https://www.youtube.com/watch?v=ghzT806wTjM,"Shop Name　Spice Magic
Map　https://maps.app.goo.gl/K6441H9qasAwPzfu6
Address　3-18-2 Omachi Nishi, Asaminami-ku, Hiroshima City, Hiroshima Prefecture　

※ Please note that the information in this video is accurate as of the time of filming.

0:00 Preview　
0:30 Main Content

Japanese Food Noodles
https://www.youtube.com/channel/UCxnZ8xQrppBhwj-_wuzWfIA

#Curry #India #HugePortions"
1F2woeb4Zbg,How Everyone Same Order?! A City-Center Ramen Shop Packed With Regulars!,20260618,1221,https://www.youtube.com/watch?v=1F2woeb4Zbg,"Shop Name　Chuka Soba Tsubame
Map　https://goo.gl/maps/eMCVq1fpzqdLuURx8
Address　3-2 Higashikannon-cho, Nishi-ku, Hiroshima City, Hiroshima Prefecture

※ Please note that the information in this video is accurate as of the time of filming.

0:00 Preview　
0:46 Main Content

Japanese Food Noodles
https://www.youtube.com/channel/UCxnZ8xQrppBhwj-_wuzWfIA

#ramen #onigiri #japanesefood #chinesefood"
iSbHqRkQt_c,Japan’s Thickest Egg Omelet! This Iron-Man Couple Wakes Up at 2 AM to Prep 80 Dishes,20260618,1621,https://www.youtube.com/watch?v=iSbHqRkQt_c,"Shop name　Yosha Shokudo
Map　https://maps.app.goo.gl/VPbrE7tKqzhHRC4Z7
Address　1-13-14 Onishi, Izumisano City, Osaka Prefecture　

※ Please note that the information in this video is accurate as of the time of filming.

Japanese Food Noodles
https://www.youtube.com/channel/UCxnZ8xQrppBhwj-_wuzWfIA

#Tamogoyaki #Shokudou #JapaneseStreetFood"
iQ9TPfkjBIg,Why Workers Devour 750g Rice and Fried Chicken at This Giant Japanese Diner,20260618,1654,https://www.youtube.com/watch?v=iQ9TPfkjBIg,"Shop Name Gou no Meshi
Map: https://maps.app.goo.gl/MAt7uo52LvC6K4K68
Address: 1F, Daini Okura Building, 3-2-7 Kinuta, Setagaya-ku, Tokyo

※ Please note that the information in this video is accurate as of the time of filming.

0:00 Preview　
0:27 Main Content
11:06 Menu
20:18 Interview with the Older Brother
24:27 Interview with a Regular Customer

Japanese Food Noodles
https://www.youtube.com/channel/UCxnZ8xQrppBhwj-_wuzWfIA

#Meat  #Gourmet #FriedChicken"
FQZNHePE77s,This $7 Japanese Udon with a Giant 2 lbs Topping Overflows the Plate! Crazy Rich Dashi,20260617,2266,https://www.youtube.com/watch?v=FQZNHePE77s,"Shop Name　Udon Tsuruta
Map　https://maps.app.goo.gl/rqQhPMH9Tji9ih8M7?g_st=ic
Address　4-3-3 Suzurandai Minami-machi, Kita-ku, Kobe, Hyogo　

※ Please note that the information in this video is accurate as of the time of filming.

0:00 Preview　
0:35 Main Content

Japanese Food Noodles
https://www.youtube.com/channel/UCxnZ8xQrppBhwj-_wuzWfIA

#Kasudon #CurryUdon #JapaneseStreetFood"
VuxzEBhgV5M,Crazy $2 Japanese Street Food! 77yo Grandma Cooks 200 Meals Solo Daily!,20260616,774,https://www.youtube.com/watch?v=VuxzEBhgV5M,"Shop Name　Kato Yakisoba & Panda Yaki Shop
Map　https://maps.app.goo.gl/HyCGoAbchyfBuU6f8
Address　2772-9 Maezawa, Tateyama-machi, Nakaniikawa District, Toyama　

※ Please note that the information in this video is accurate as of the time of filming.

0:00 Preview　
0:39 Main Content

Japanese Food Noodles
https://www.youtube.com/channel/UCxnZ8xQrppBhwj-_wuzWfIA

#Yakisoba #Okonomiyaki #JapaneseStreetFood"
E6-iWL8iqcE,Waking Up at 12 AM! Lone Chef Cooks 200 Bento Boxes & 190 Menu Items for Crazy $3 Ramen!,20260615,1600,https://www.youtube.com/watch?v=E6-iWL8iqcE,"Shop Name　Yasue Shokuhin Branch
Map　https://maps.app.goo.gl/2YiVk3kT1SidP3qk9
Address　1498-40 Nasukawa, Nakatsugawa, Gifu　

※ Please note that the information in this video is accurate as of the time of filming.

0:00 Preview　
0:47 Main Content

Japanese Food Noodles
https://www.youtube.com/channel/UCxnZ8xQrppBhwj-_wuzWfIA

#Curry #Food #JapaneseStreetFood"
7VhZ4zVOOx4,How They Keep His 25-Year-Old Chinese Diner Alive After the Chef Passed Away 4 Months Ago,20260615,2115,https://www.youtube.com/watch?v=7VhZ4zVOOx4,"Shop Name Chinese Restaurant Kogetsu
Map: https://maps.app.goo.gl/qNizEuCoHLUM2V5G7
Address: Kogetsu, 2-6-14 Koyama, Shinagawa-ku, Tokyo

※ Please note that the information in this video is accurate as of the time of filming.

0:00 Preview　
0:19 Main Content
3:49 Menu
18:43 Signature Dishes
28:27 Closing

Japanese Food Noodles
https://www.youtube.com/channel/UCxnZ8xQrppBhwj-_wuzWfIA

#Ramen #Gyoza #FriedRice #FriedChicken"
8TxgEhu98kM,Japanese Husband & Wife Serve 100 lbs of Pork & 150 lbs of Rice Daily! Huge $10 Set Meal,20260614,2185,https://www.youtube.com/watch?v=8TxgEhu98kM,"Shop Name　Gozoroppu
Map　https://maps.app.goo.gl/CcAmWCmLRqNEUStu9
Address　466-1 Ishii, Kasama, Ibaraki
　
※ Please note that the information in this video is accurate as of the time of filming.

0:00 Preview　
0:46 Main Content

Japanese Food Noodles
https://www.youtube.com/channel/UCxnZ8xQrppBhwj-_wuzWfIA

#FriedRice #Ramen #JapaneseStreetFood"
L1ZQcF79ZlI,Why Japanese Blue-Collar Workers Flock to This Hidden Roadside Diner Every Day!,20260614,7299,https://www.youtube.com/watch?v=L1ZQcF79ZlI,"0:00 Shop name　Inter Shokudo
Map　https://maps.app.goo.gl/5HWswDGjWaFoaNry5
Address　3-16-6 Kamikari, Itoigawa City, Niigata Prefecture

23:05 Shop name　Teramae
Map　https://maps.app.goo.gl/q4hM8tcnHDfrergg7
Address　4-12-24 Kowakae, Higashiosaka City, Osaka Prefecture

1:05:26 Shop Name　Mega Fried Chicken Specialty Store Kitchen BUS STOP
Map　https://maps.app.goo.gl/GQxTYPXGALVxaV589
Address　506-3 Kofusa, Misato City, Saitama Prefecture

1:39:39 Shop Name　Soba Chaya
Map　https://maps.app.goo.gl/MY5v6Ho1vv18cHhg7?g_st=com.google.maps.preview.copy
Address　31-15 Shimona, Yamashiro-cho, Miyoshi-shi, Tokushima Prefecture　

※ Please note that the information in this video is accurate as of the time of filming.


Japanese Food Noodles
https://www.youtube.com/channel/UCxnZ8xQrppBhwj-_wuzWfIA

#Food #Japan #JapaneseStreetFood"
F4dLtePIjPE,The Hardest Working Ramen Kitchen in Hokkaido: 200 Bowls Daily,20260613,1533,https://www.youtube.com/watch?v=F4dLtePIjPE,"Shop Name　Ginparo Sapporo Teine
Map　https://maps.app.goo.gl/6EfohtC6ufb6UGeh7
Address　7-19 Tomioka 3-jo 1-chome, Teine-ku, Sapporo, Hokkaido　

※ Please note that the information in this video is accurate as of the time of filming.

0:00 Preview　
0:40 Main Content

Japanese Food Noodles
https://www.youtube.com/channel/UCxnZ8xQrppBhwj-_wuzWfIA

#Ramen #Friedrice #Hokkaido #JapaneseStreetFood"
EJPZL8YIDzU,99 Dishes in 24 hour! No Sleep Roadside Diner Packed With Hungry Workers!!,20260613,3983,https://www.youtube.com/watch?v=EJPZL8YIDzU,"Shop Name　Osaka-ya
Map　 https://goo.gl/maps/NrC2MV3GjQRpdRqN7
Address　238 Kado-nishi, Bizen City, Okayama Prefecture

※ Please note that the information in this video is accurate as of the time of filming.

0:00 Preview　
1:34  Main Content

Japanese Food Noodles
https://www.youtube.com/channel/UCxnZ8xQrppBhwj-_wuzWfIA

#steak #friedrice #sushi #japanesestreetfood"
JE68LHru4C8,"Making 1,000 Bowls From 3:30 AM! The Brutal Daily Life of a $1.6 Japanese Udon Master!",20260612,3150,https://www.youtube.com/watch?v=JE68LHru4C8,"Shop name　Sakaeda Udon Main Store
Map　https://maps.app.goo.gl/oszoDtPks3gmwL7V7?g_st=ic
Address　2-23 Bancho 5-chome, Takamatsu City, Kagawa Prefecture　

※ Please note that the information in this video is accurate as of the time of filming.


Japanese Food Noodles
https://www.youtube.com/channel/UCxnZ8xQrppBhwj-_wuzWfIA

#Udon #Tempura #JapaneseStreetFood"
9kEMXrbfm7w,Why Is This Tokyo Chinese Restaurant Always FULL? - Non-Stop Fried Rice -,20260612,5781,https://www.youtube.com/watch?v=9kEMXrbfm7w,"Shop Name　China Yatai Juhachiban
Map　https://maps.app.goo.gl/8GwcvkFJDhuKtPUZ9
Address　2-7-7 Shinkawa, Chuo-ku, Tokyo

※ Please note that the information in this video is accurate as of the time of filming.

0:00 Preview　
0:33 Main Content

Japanese Food Noodles
https://www.youtube.com/channel/UCxnZ8xQrppBhwj-_wuzWfIA

#ramen #friedrice #chinesefood #japanesefood"
yihcbuQ_llo,Why Workers and Elderly Regulars Rush to This Old Udon Shop for Katsudon,20260611,2159,https://www.youtube.com/watch?v=yihcbuQ_llo,"Shop Name　Udon & Soba Takeya
Map　https://goo.gl/maps/e4cbL8Rh1XzhZk9n9
Address　1309-1 Tsufuku Honmachi, Kurume City, Fukuoka Prefecture, Japan

※ Please note that the information in this video is accurate as of the time of filming.

0:00 Preview　
0:27 Main Content

Japanese Food Noodles
https://www.youtube.com/channel/UCxnZ8xQrppBhwj-_wuzWfIA

#udon #soba #katsudon #tempura"
jGt89tgDH6Y,Why Workers Rush to This 6AM Ramen Shop for Huge Ramen and Rice,20260611,1529,https://www.youtube.com/watch?v=jGt89tgDH6Y,"Shop Name Ramen Shop Yamamura
Map: https://maps.app.goo.gl/b5q16sjssSEzMsgo8
Address: 1F Nakazato Building, 1-36-7 Kiso-Higashi, Machida City, Tokyo

※ Please note that the information in this video is accurate as of the time of filming.

0:00 Main Video 
9:41 Menu
11:58 First Bowl of the Morning: Green Onion Chashu Ramen
7:48 PM The “Signboard Girl” Arrives

Japanese Food Noodles
https://www.youtube.com/channel/UCxnZ8xQrppBhwj-_wuzWfIA

#Ramen #noodles #TokyoGourmet"
kfFVcofb_9M,Slicing 30lbs of Rare Wagyu Cheek! Japan’s Most Addictive $7 Garlic Beef Noodles!,20260610,1854,https://www.youtube.com/watch?v=kfFVcofb_9M,"Shop Name　Bokkake
Map　https://goo.gl/maps/B5xRLuWf2aRZ8ih96
Address　Okubo-cho 763-1, Akashi-shi, Hyogo

※ Please note that the information in this video is accurate as of the time of filming.

0:00 Preview　
2:08 Main Content

Japanese Food Noodles
https://www.youtube.com/channel/UCxnZ8xQrppBhwj-_wuzWfIA

#Udon #Yakisoba #JapaneseStreetFood"
mKAeVcHFCvk,How a 36-Year-Old Woman Runs a Tiny Onigiri Food Truck in Rural Japan,20260610,2045,https://www.youtube.com/watch?v=mKAeVcHFCvk,"Shop Name　Misakiya Onigiri Kitchen Car
Map　https://maps.app.goo.gl/QeCmBNVyYYYub...
Address　Shiraki-cho, Asakita-ku, Hiroshima City, Hiroshima Prefecture, Japan

※ Please note that the information in this video is accurate as of the time of filming.

0:00 Digest
0:20 Main Feature
8:04 Menu

Japanese Food Noodles
https://www.youtube.com/channel/UCxnZ8xQrppBhwj-_wuzWfIA

#onigiri #tempura #foodtruck #hiroshimagourmet"
PPLqclI-880,Sold Out Instantly?! Why Hundreds Line Up in the Rain for This Crazy $0.6 Street Meat!,20260609,1454,https://www.youtube.com/watch?v=PPLqclI-880,"Shop Name　Teppanyaki Horumon Yamaki
Map　https://maps.app.goo.gl/29CEr9uxVpQQTjee9
Address　2-2-7 Haginochaya, Nishinari-ku, Osaka　

※ Please note that the information in this video is accurate as of the time of filming.


Japanese Food Noodles
https://www.youtube.com/channel/UCxnZ8xQrppBhwj-_wuzWfIA

#Teppanyaki #Osaka #JapaneseStreetFood"
HKqSnPN7iSc,Inside Japan’s Hidden Seafood Paradise No Tourists Know About!,20260608,1841,https://www.youtube.com/watch?v=HKqSnPN7iSc,"Shop Name　Kagamura Shokudo Ototo Mura
Map　https://maps.app.goo.gl/XPwU3uMs9xd3BWJj8
Address　E64-1 Soumachi, Kaga, Ishikawa　

※ Please note that the information in this video is accurate as of the time of filming.

0:00 Preview　
0:39 Main Content

Japanese Food Noodles
https://www.youtube.com/channel/UCxnZ8xQrppBhwj-_wuzWfIA

#Tempura #Food #JapaneseStreetFood"
zhyeTPvGvks,Everyone Everyday? Addictive Ramen Shop Hungry Workers Visit Every Day!!,20260608,1410,https://www.youtube.com/watch?v=zhyeTPvGvks,"Shop Name　Kinpachi Ramen
Map　https://maps.app.goo.gl/yL57VmPWXziTyG596
Address　1-6-51 Nakayamashita, Kita-ku, Okayama City, Okayama Prefecture

※ Please note that the information in this video is accurate as of the time of filming.

0:00 Preview　
0:47 Main Content

Japanese Food Noodles
https://www.youtube.com/channel/UCxnZ8xQrppBhwj-_wuzWfIA

#ramen #chinesefood #japanesefood"
U-SrKshTvLw,He Cooks 150lbs of Meat and Rice Alone! The Brutal Daily Life of a $2.8 Bento Master!,20260607,2785,https://www.youtube.com/watch?v=U-SrKshTvLw,"Shop Name　Touchan Bento
Map　https://maps.app.goo.gl/WrC99GCqqTmNpJEg8
Address　3-17-29 Ozone, Kita-ku, Nagoya, Aichi　

※ Please note that the information in this video is accurate as of the time of filming.

0:00 Preview　
1:01 Main Content

Japanese Food Noodles
https://www.youtube.com/channel/UCxnZ8xQrppBhwj-_wuzWfIA

#Bento #Lunchbox #JapaneseStreetFood"
d-gq2i1hqBU,Solo Chef vs Non-Stop Fried Rice Rush! The Ultimate Japanese Heavy-Diner.,20260607,9066,https://www.youtube.com/watch?v=d-gq2i1hqBU,"0:00 Shop Name　Isshin-tei
Map　https://maps.app.goo.gl/vgUEaebMLfPsXMwq5
Address　Amimoto Building, 8-2 Higashikanon-cho, Nishi-ku, Hiroshima City, Hiroshima Prefecture

27:54 Shop name　Chinese Cuisine Piman
Map　https://maps.app.goo.gl/SswE8L1eraDvkSef8
Address　3-30 Matsubaracho, Nishinomiya City, Hyogo Prefecture

1:21:50 Shop Name　Yosuko
Map　https://goo.gl/maps/MSYFVAiZPn1hyeaYA
Address　Nakaaoki 1-11-1, Kawaguchi-shi, Saitama

2:06:01 Shop Name　Kotobuki
Map　https://maps.app.goo.gl/6EGfdWopqkpReToWA
Address　Veil House 1A, 2-7-45 Masuzumi, Kanazawa City, Ishikawa Prefecture　

※ Please note that the information in this video is accurate as of the time of filming.


Japanese Food Noodles
https://www.youtube.com/channel/UCxnZ8xQrppBhwj-_wuzWfIA

#Food #Japan #JapaneseStreetFood"
izjhiA4FN0Y,Sold Out in 10 Mins! Why Everyone in Japan Rushes for This Insane $8 Chashu Fried Rice!,20260606,1989,https://www.youtube.com/watch?v=izjhiA4FN0Y,"Shop Name　Tamagawaya Saketen
Map　https://maps.app.goo.gl/isJfa2Lzrn2D48aR8
Address　7-34-1 Nishi Kamata, Ota-ku, Tokyo　

※ Please note that the information in this video is accurate as of the time of filming.

0:00 Preview　
0:39 Main Content

Japanese Food Noodles
https://www.youtube.com/channel/UCxnZ8xQrppBhwj-_wuzWfIA

#Tokyo #Food #JapaneseStreetFood"
Y2XaIlY7W1U,My Stomach Is Bursting! Inside Japan’s Coziest $3 Diner Run by an Energetic Landlady!,20260605,1812,https://www.youtube.com/watch?v=Y2XaIlY7W1U,"Shop Name　Daiichi Syokudo
Map　https://maps.app.goo.gl/ZR2Tfa2J41FPXTqZ7
Address　1-4-4 Nakamachi, Kamifurano-cho, Sorachi-gun, Hokkaido　

※ Please note that the information in this video is accurate as of the time of filming.

0:00 Preview　
0:48 Main Content

Japanese Food Noodles
https://www.youtube.com/channel/UCxnZ8xQrppBhwj-_wuzWfIA

#Ramen #Hokkaido #JapaneseStreetFood"
GEsgYRc12aA,How a Young Woman and an 82-Year-Old Grandma Run a Busy Bento Diner in Japan,20260604,921,https://www.youtube.com/watch?v=GEsgYRc12aA,"Name　Ka-den Ryori Hana
Map　https://maps.app.goo.gl/kxH96ZyVsiEDURjh6
Address　2-1-30 Shime-Chuo, Shime-cho, Kasuya-gun, Fukuoka

0:00 Digest
0:06 Main story

※ Please note that the information in this video is accurate as of the time of filming.

Japanese Food Noodles
https://www.youtube.com/channel/UCxnZ8xQrppBhwj-_wuzWfIA

#Tempura #Bento #Japanese foodShop Name"
apAR65E3jF4,Why This 80-Year-Old Asakusa Tempura Bowl Shop Uses Sashimi-Grade Fish — and How It’s Made,20260604,2202,https://www.youtube.com/watch?v=apAR65E3jF4,"Shop Name Tendon Masaru MASARU
Map: 1-32-2 Asakusa, Taito-ku, Tokyo
Address: https://maps.app.goo.gl/pGajAX93Bvd4jdYdA

※ Please note that the information in this video is accurate as of the time of filming.

0:00 Preview　
0:44 Main Content
19:30 Menu

Japanese Food Noodles
https://www.youtube.com/channel/UCxnZ8xQrppBhwj-_wuzWfIA

#Tempura #TempuraDonburi #japanesestreetfood"
2altTvgllaQ,Shocking $3! Why This 3rd Gen Master Chef Sacrificed Profit for Japan’s Most Addictive Noodles!,20260603,1245,https://www.youtube.com/watch?v=2altTvgllaQ,"Shop name　Ginza Ichifuku Main Store
Map　https://maps.app.goo.gl/jxuALcRDgM4V8DGm8
Address　10 Ginza, Tokushima City, Tokushima Prefecture
　
※ Please note that the information in this video is accurate as of the time of filming.

0:00 Preview　
0:49 Main Content

Japanese Food Noodles
https://www.youtube.com/channel/UCxnZ8xQrppBhwj-_wuzWfIA

#Ramen #Friedrice #JapaneseStreetFood"
UlJPEShEcfQ,He Kept Making Shrimp Tempura Bigger until It Reached 3lbs! Crazy $6 Japan Udon Shop!,20260602,3045,https://www.youtube.com/watch?v=UlJPEShEcfQ,"Shop Name　Noodle Restaurant Mimatsu
Map　https://goo.gl/maps/tS5KnH5XnD3h9yJG9
Address　Sunrise Kitano 1F, Kamiyagawa-cho 1038-27, Kamigyo-ku, Kyoto-shi, Kyoto

※ Please note that the information in this video is accurate as of the time of filming.

0:00 Preview　
1:30 Main Content

Japanese Food Noodles
https://www.youtube.com/channel/UCxnZ8xQrppBhwj-_wuzWfIA

#Udon #Tempura #JapaneseStreetFood"
JUsOjBgdpGs,Insane Wok Skills! The Fast-Paced Kitchen of a Legendary Japanese-Chinese Diner,20260602,3839,https://www.youtube.com/watch?v=JUsOjBgdpGs,"Shop Name　Olympic Hanten
Map: https://goo.gl/maps/ZEjfCw78KtXJz97A7
Address: Tatsuta Nishi 5-4-15, Ikaruga-cho, Ikoma-gun, Nara

※ Please note that the information in this video is accurate as of the time of filming.


Japanese Food Noodles
https://www.youtube.com/channel/UCxnZ8xQrppBhwj-_wuzWfIA

#FriedRice #Ramen #JapaneseStreetFood"
FSxvfOJNygo,How Does He Even Make Money?! Japan’s Most Generous Chef Serves an Insane $7 Meat Feast!,20260601,1855,https://www.youtube.com/watch?v=FSxvfOJNygo,"Shop Name　Takaratei
Map　https://maps.app.goo.gl/Mw7bzh57CtPzAyo77?g_st=ic
Address　1-1-6 Asahi, Nishinari-ku, Osaka　

※ Please note that the information in this video is accurate as of the time of filming.

0:00 Preview　
0:36 Main Content

Japanese Food Noodles
https://www.youtube.com/channel/UCxnZ8xQrppBhwj-_wuzWfIA

#HamburgSteak #Steak #JapaneseStreetFood"
BY-hvIN-NzM,Steakhouse in a Small Village! Everyone Orders the Shocking Large Steak!,20260531,1957,https://www.youtube.com/watch?v=BY-hvIN-NzM,"Shop Name　Steak House Itsuki
Map　https://maps.app.goo.gl/D5uUKUciQuMfQsg4A
Address　507-1 Fukutomi, Wake-cho, Wake-gun, Okayama Prefecture

※ Please note that the information in this video is accurate as of the time of filming.

0:00 Preview　
0:43 Main Content

Japanese Food Noodles
https://www.youtube.com/channel/UCxnZ8xQrppBhwj-_wuzWfIA

#steak #meat #japanesefood"
fHVzLoycS2o,The 3-Hour Midnight Ramen Rush: Japan's Ultimate Street Food Stall.,20260531,7429,https://www.youtube.com/watch?v=fHVzLoycS2o,"0:00 Shop Name　Yatai Ramen Menya Miyabi
Map　https://maps.app.goo.gl/FQaYqPvSzN4b9BAD6
Address　Urawa Misono Station Exit 2, 12-3887 Misono Daimon Miyashita, Midori-ku, Saitama City, Saitama

19:34 Shop Name: Small Diner Hiro
Map https://maps.app.goo.gl/tysvLGH4E6R9Fo81A
Address: 1-8-1-109, Kusatsuko, Nishi-ku, Hiroshima City, Hiroshima Prefecture　

54:15 Shop Name　Udon Izakaya Masaka
Map　https://maps.app.goo.gl/MmPYcFrHMTD9v86cA
Address　1945-1 Norizukicho, Takasaki, Gunma Prefecture

1:36:58 Shop Name　Diner MARUKO
Map　https://goo.gl/maps/Sc8qgqgFq6oNE4AE8
Address　Shimohori 41-7, Toyama-shi, Toyama

※ Please note that the information in this video is accurate as of the time of filming.

Japanese Food Noodles
https://www.youtube.com/channel/UCxnZ8xQrppBhwj-_wuzWfIA

#Food #Japan #JapaneseStreetFood"
Ndymp9d_GEs,Served in 60 Seconds! Why Locals Rush for This Insane $6 Crispy Pork Cutlet!,20260530,1991,https://www.youtube.com/watch?v=Ndymp9d_GEs,"Shop Name　Tonkatsu Oofuji Horie
Map　https://maps.app.goo.gl/PSwJnE9pjH4gZiws5
Address　1-11-3 Kitahorie, Nishi-ku, Osaka　

※ Please note that the information in this video is accurate as of the time of filming.

0:00 Preview　
0:25 Main Content

Japanese Food Noodles
https://www.youtube.com/channel/UCxnZ8xQrppBhwj-_wuzWfIA

#Tonkatsu #porkcutlet #JapaneseStreetFood"
9HYAXUswkFs,"1,000 Pork Buns at Morning! Inside a Taiwanese Family Restaurant in Japan",20260530,4545,https://www.youtube.com/watch?v=9HYAXUswkFs,"Shop Name　Taiwanese Home Cuisine, Huang's House
Map　https://maps.app.goo.gl/6sQhs6w6huSTwrWo6
Address　3-16-2 Kusunoki-cho, Nishi-ku, Hiroshima-shi, Hiroshima 733-0002

※ Please note that the information in this video is accurate as of the time of filming.

0:00 Preview　
0:52 Main Content

Japanese Food Noodles
https://www.youtube.com/channel/UCxnZ8xQrppBhwj-_wuzWfIA

#friedrice #porkbun #taiwanesefood #japanesestreetfood"
H9s7-56Sfzc,"Why 70,000 People Rush to This 24/7 Tiny $7 Japanese Ramen Stall？",20260529,2432,https://www.youtube.com/watch?v=H9s7-56Sfzc,"Shop Name  Osaka Mugikaze Shinsaibashi Branch
Map https://maps.app.goo.gl/4TFSRTmBqBipyMDF8
Address 1-14-24 Higashi-Shinsaibashi, Chuo-ku, Osaka City, Osaka Prefecture

Shop Name Oedo Knives Shinsaibashi Store [Oedo Knives]
Map https://maps.app.goo.gl/F8k8HFCeQqMrtCfH6
Address 1-14-25 Higashi-Shinsaibashi, Chuo-ku, Osaka City, Osaka Prefecture
https://oedoknives.com/　

※ Please note that the information in this video is accurate as of the time of filming.

0:00 Preview　
0:39 Main Content

Japanese Food Noodles
https://www.youtube.com/channel/UCxnZ8xQrppBhwj-_wuzWfIA

#Ramen #chashu #JapaneseStreetFood"
Ziakj_Krn4I,God-Tier Wok Skills! One Man Defeats a 20-Seat Rush with Legendary Fried Rice!,20260529,1860,https://www.youtube.com/watch?v=Ziakj_Krn4I,"Shop Name　Menya Genkai
Map　https://maps.app.goo.gl/9Jj4PF622t2F8eEg7
Address　1-7-21 Umamikita, Koryo-cho, Kitakatsuragi-gun, Nara Prefecture　

※ Please note that the information in this video is accurate as of the time of filming.


Japanese Food Noodles
https://www.youtube.com/channel/UCxnZ8xQrppBhwj-_wuzWfIA

#Ramen #Friedrice #JapaneseStreetFood"
W4wqguVSfig,Inside a Tiny 2-Tsubo Bento Shop: A Mother of Three Running $3.19 Lunch Boxes from 4 A.M.,20260528,1824,https://www.youtube.com/watch?v=W4wqguVSfig,"Name: Obento-ya no babachan
Map https://maps.app.goo.gl/6JZWxwJKjPeukWHd9
Address 3-8-9 Shimehigashi, Shime-cho, Kasuya-gun, Fukuoka

 ※Please note that the information in this video is accurate as of the time of filming.

0:00 Main
3:46 Early morning work
5:03 Cook eggs
8:00 Pack lunch
11:53 Back to Mother
17:39 Menu
18:30 Delivery
23:41 Business
24:43 Interview
26:53 Realities of Management
28:37 Insert

Japanese Food Noodles
https://www.youtube.com/channel/UCxnZ8xQrppBhwj-_wuzWfIA

#Bento #Family #Fukuoka GourmetShop Name"
riRi9LMuqDI,Only $6! The Hidden Japanese Diner Slaying 1.5lbs Massive Rice,20260527,3216,https://www.youtube.com/watch?v=riRi9LMuqDI,"Shop Name　Taiyo Shokudo
Map　https://maps.app.goo.gl/3eJhDJ59jDvyADFV6
Address　1F Hideyama Building, 7-40-5 Nakamura-cho, Nakamura-ku, Nagoya, Aichi　

※ Please note that the information in this video is accurate as of the time of filming.

0:00 Preview　
0:49 Main Content

Japanese Food Noodles
https://www.youtube.com/channel/UCxnZ8xQrppBhwj-_wuzWfIA

#FriedRice #WokSkills #JapaneseFood #StreetFood"
S2v0cDizR6I,Why Regulars Pack This One-Man Ramen Shop at 5AM in Japan,20260527,2494,https://www.youtube.com/watch?v=S2v0cDizR6I,"Shop Name: Ezo Ramen
Map: https://maps.app.goo.gl/KpxL6NymXEHwAMnx6
Address: Shintai Building, 1-4-3 Matsuyama, Kiyose City, Tokyo

※ Please note that the information in this video is accurate as of the time of filming.

0:00 Prep starts at 5 AM
8:41 Menu

Japanese Food Noodles
https://www.youtube.com/channel/UCxnZ8xQrppBhwj-_wuzWfIA

#Ramen #LateNightDiner #TokyoGourmetShop Name"
EC-AHKW4pIw,Cooking 220lbs of Veggies! The $7 Sinful Japanese Garlic Ramen,20260526,2426,https://www.youtube.com/watch?v=EC-AHKW4pIw,"Shop Name　Senrigan
Map　https://maps.app.goo.gl/NLvxzMMCYBzbmH4b9
Address　4-6-8 Komaba, Meguro-ku, Tokyo　

※ Please note that the information in this video is accurate as of the time of filming.

0:00 Preview　
0:39 Main Content

Japanese Food Noodles
https://www.youtube.com/channel/UCxnZ8xQrppBhwj-_wuzWfIA

#Ramen #Tokyo #JapaneseFood #StreetFood"
By7j9TN9GiU,How This Small Family Restaurant Attracts Crowds of Big-Eating Students Every Day,20260526,2518,https://www.youtube.com/watch?v=By7j9TN9GiU,"Shop Name　Yamato-ya
Map　https://goo.gl/maps/27Z6XaytYayXyNaMA
Address　2-2-1 Nishikatae, Jonan-ku, Fukuoka City, Fukuoka Prefecture

※ Please note that the information in this video is accurate as of the time of filming.

0:00 Preview　
0:56 Main Content

Japanese Food Noodles
https://www.youtube.com/channel/UCxnZ8xQrppBhwj-_wuzWfIA

#FriedChicken #Katsudon #OmeletteRice"
S-vKeXAXsws,100 Bowls Sold Out! The Hidden Japanese Stall Pushing 440lbs of Soul,20260525,2142,https://www.youtube.com/watch?v=S-vKeXAXsws,"Shop Name　Hanshin Ken
Map　https://maps.app.goo.gl/zchumJ7YqqMoqT2W7
Address　1-1 Mukonoso, Amagasaki, Hyogo
　
※ Please note that the information in this video is accurate as of the time of filming.

0:00 Preview　
0:34 Main Content

Japanese Food Noodles
https://www.youtube.com/channel/UCxnZ8xQrppBhwj-_wuzWfIA

#Ramen #ChashuRamen #JapaneseFood #StreetFood"
TZzG9fCKgCw,"Why 80% of Men Order This $7 Secret ""Black"" Fried Rice!",20260524,1576,https://www.youtube.com/watch?v=TZzG9fCKgCw,"Shop Name　Chinese Restaurant Panda
Map　https://maps.app.goo.gl/pYZfKb5CjEGLdyP79
Address　Ho 76-5 Mukaimotori-machi, Komatsu, Ishikawa　

※ Please note that the information in this video is accurate as of the time of filming.

0:00 Preview　
0:38 Main Content

Japanese Food Noodles
https://www.youtube.com/channel/UCxnZ8xQrppBhwj-_wuzWfIA

FriedRice #Ramen#JapaneseFood #StreetFood"
jRN6brqdM88,Massive 2KG Spaghetti: How This Shop Feeds Japan’s Hardest Working Men.,20260524,6070,https://www.youtube.com/watch?v=jRN6brqdM88,"0:00 Shop Name　Spaghets Dandy
Map　https://goo.gl/maps/rPRA3UnEnqzMzuRi9
Address　Shimo Ishii 2-9-52, Kita-ku, Okayama-shi, Okayama

25:33 Shop name　Ginshari en
Map　https://maps.app.goo.gl/7fbnubWwic6JKcYw8
Address　3-1-9 Higashi Ebisu-cho, Sakai-ku, Sakai-shi, Osaka

54:27 Shop Name: Negian Kamiyacho
Map https://maps.app.goo.gl/3A82DFmPWXWZehem7
Address: Hiroshima Motomachi NS Building, 13-13 Motomachi, Naka-ku, Hiroshima City, Hiroshima Prefecture　

1:24:07 Shop Name　Katsudon Daiki Osu Branch
Map　https://maps.app.goo.gl/nd2PJMd5ZxiaoKWq7
Address　3-28-11 Osu, Naka-ku, Nagoya, Aichi Prefecture

※ Please note that the information in this video is accurate as of the time of filming.


Japanese Food Noodles
https://www.youtube.com/channel/UCxnZ8xQrppBhwj-_wuzWfIA

#Food #Japan #JapaneseStreetFood"
Y8DNpsspans,Cooking 53lbs of Rice! The $8 Unique Katsudon Locals Love,20260523,1860,https://www.youtube.com/watch?v=Y8DNpsspans,"Shop Name　Wada Izumi Honten (Moriyama)
Map　https://maps.app.goo.gl/obxvL8TYg7RTFHYQ8
Address　 5th Sun Heights Omori, 1606 Wakida-cho, Moriyama-ku, Nagoya, Aichi Prefecture　

※ Please note that the information in this video is accurate as of the time of filming.

0:00 Preview　
0:44 Main Content

Japanese Food Noodles
https://www.youtube.com/channel/UCxnZ8xQrppBhwj-_wuzWfIA

#Curryudon #Katsudon #Porkcutlet #JapaneseStreetFood"
GCgSgg-zZWU,Why This 74-Year-Old Chef’s Addictive Curry Shop Fills Up in Just 10 Seconds,20260523,3443,https://www.youtube.com/watch?v=GCgSgg-zZWU,"Shop Name Nyon Nyon Ageo Atago Branch
Map https://maps.app.goo.gl/CacQLPa1X4pqaksd7
Address 3-7-17 Atago, Ageo City, Saitama Prefecture

※ Please note that the information in this video is accurate as of the time of filming.

0:00 Preview
1:02 Main Program
16:01 Menu

Japanese Food Noodles
https://www.youtube.com/channel/UCxnZ8xQrppBhwj-_wuzWfIA

#Curry #Ramen #FriedRice"
rL3DLEq_nRU,300 Orders Non-Stop! The Crazy Japanese Diner Serving 55lbs of Beef,20260522,1754,https://www.youtube.com/watch?v=rL3DLEq_nRU,"Shop Name　Steak & Hamburger Maedatei Kazo
Map　https://maps.app.goo.gl/GXWBvSn2DASAKqz28
Address　1-6-49 Atago, Kazo City, Saitama Prefecture　

※ Please note that the information in this video is accurate as of the time of filming.

0:00 Preview　
0:54 Main Content

Japanese Food Noodles
https://www.youtube.com/channel/UCxnZ8xQrppBhwj-_wuzWfIA

#Steak #Hamburgersteak #JapaneseStreetFood"
8OQohuN6Jbs,Why a Simple $3.19 Ramen from a 78-Year-Old Cook Is Shockingly Popular at the Racetrack,20260522,2198,https://www.youtube.com/watch?v=8OQohuN6Jbs,"Shop Name　Ryu Ramen (Cafeteria inside Saga Racecourse)
Map　https://maps.app.goo.gl/1CRxHEfSTSVSRuPo8
Address　3256-228 Ejima-cho, Tosu City, Saga Prefecture

※ Please note that the information in this video is accurate as of the time of filming.

0:00 Preview　
0:42 Main Content

Japanese Food Noodles
https://www.youtube.com/channel/UCxnZ8xQrppBhwj-_wuzWfIA

#Ramen #Cafeteria #JapaneseFood #KyushuFood"
qsQSeAaxd3E,Why So Busy at 6AM? Cheap & Delicious Ramen in Japan,20260521,2895,https://www.youtube.com/watch?v=qsQSeAaxd3E,"Shop Name　Chinese Soba Noodles - One Day, One Life
Map　https://maps.app.goo.gl/HwXES6fGoQ2beZXi9
Address　3-2-12 Yokogawa-cho, Nishi-ku, Hiroshima City, Hiroshima Prefecture

※ Please note that the information in this video is accurate as of the time of filming.

0:00 Preview　
0:42 Main Content

Japanese Food Noodles
https://www.youtube.com/channel/UCxnZ8xQrppBhwj-_wuzWfIA

#ramen #friedchicken #japanesestreetfood"
mq2b-CtZ_xQ,Only $12?! The 100-Seat Japanese Diner Serving Ultimate Sashimi,20260520,1371,https://www.youtube.com/watch?v=mq2b-CtZ_xQ,"Shop name　Market Restaurant Nishimura Shoten
Map　https://maps.app.goo.gl/iWwGgU5rbjR3uuSR6
Address　2-7-20 Kuzushima, Kochi City, Kochi Prefecture　

※ Please note that the information in this video is accurate as of the time of filming.

0:00 Preview　
0:58 Main Content

Japanese Food Noodles
https://www.youtube.com/channel/UCxnZ8xQrppBhwj-_wuzWfIA

#Seafood #Food #JapaneseStreetFood"
swuz4RuFxg8,Why This Udon Shop Fills 60 Seats in 10 Seconds — Two Brothers Carry On Their Father’s Legacy,20260520,3366,https://www.youtube.com/watch?v=swuz4RuFxg8,"Name: Hon Teuchi Udon Shoji
Map https://maps.app.goo.gl/EPhGhWDpBwP8tntQ6
Address: 743-9 Kami-Ikusa, Kawashima-cho, Hiki-gun, Saitama　

※ Please note that the information in this video is accurate as of the time of filming.

0:00 Preview　
1:00 Main Content

Japanese Food Noodles
https://www.youtube.com/channel/UCxnZ8xQrppBhwj-_wuzWfIA

#Udon #Tempura #Decapitation"
LhRY-_P1uzc,Former TV Station Chef! The Hidden Diner Serving Dragon Noodles,20260519,2099,https://www.youtube.com/watch?v=LhRY-_P1uzc,"Shop Name　Chinese Restaurant Ron
Map　https://goo.gl/maps/BU2G7peVmYpSZFXz6
Address　Shinzaike 3-285-2, Hiraoka-cho, Kakogawa-shi, Hyogo

※ Please note that the information in this video is accurate as of the time of filming.

0:00 Preview　
2:06 Main Content

Japanese Food Noodles
https://www.youtube.com/channel/UCxnZ8xQrppBhwj-_wuzWfIA

#friedrice #ramen #Japanesestreetfood"
