video_id,name,address,maps_url,lat,lng
gVaM8Fbjljw,Konpira Udon Matabee,"Peace Park Honkawa, 2-1-20 Honkawa-cho, Naka-ku, Hiroshima City, Hiroshima Prefecture",https://maps.app.goo.gl/QEVuDynMuRGNmChs9,,
CzTVxom0asE,100-Year Shokudo Tanakaya,"3-11-26 Ritsurincho, Takamatsu City, Kagawa",https://maps.app.goo.gl/3WNApAGxttutcVUg7,,
DXLGq0h_qPc,Hakutozan,"5-6-1 Hosoya-cho, Toyota, Aichi",https://maps.app.goo.gl/dKJHna5UvZqddzr1A,,
IT-361nNx54,Chinese Restaurant Manchu,"Shiohama Honmachi, Yokkaichi City, Mie Prefecture",https://maps.app.goo.gl/cTmCJaAXq89z8yj76,,
b_4Gae95jh0,Marumi,"886 Nissei, Nissei Town, Bizen City, Okayama Prefecture",https://goo.gl/maps/GNHEde2zqBZRQsp8A,,
JtzB9KSB1Fk,Marutoma Shokudo,"Tomakomai City Public Wholesale Market, 1-1-13 Shiomi-cho, Tomakomai City, Hokkaido",https://maps.app.goo.gl/HkJxPAsM5oZFox9x8,,
bOhzu7YsTg4,Graffity Mexican & American,"EXA Bldg., 6-4 Fukuromachi, Naka-ku, Hiroshima City, Hiroshima",https://maps.app.goo.gl/VqXQHTCi7KQtqj2R8,,
9V5JsSwmcf8,Nintama Ramen - Ibaraki Truck Station,"1390 Nishigochi, Omitama City, Ibaraki Prefecture",https://maps.app.goo.gl/xVwaetngzW33z6a26,,
9V5JsSwmcf8,Tenshinhan Specialty Restaurant Ten,"1346 Ono, Kagawa-cho, Takamatsu City, Kagawa Prefecture",https://maps.app.goo.gl/QBzw25tvk9kzN1Wx5,,
9V5JsSwmcf8,Gokigen Ramen,"3-1-6 Meieki, Nakamura-ku, Nagoya, Aichi Prefecture",https://maps.app.goo.gl/vfxS8p38wz5v9Guw7,,
Hz5HgX4AbqU,Takoyaki Shuen,"172-3 Minamikuroda, Masaki-cho, Iyo District, Ehime",https://maps.app.goo.gl/efCtFEP6BEWS7Vqk8?g_st=ic,,
TADm8DUeQIo,Honda Menba,"Wakore Station Plaza Hyogo 101, Tsukamoto-dori 6-2-32, Hyogo-ku, Kobe-shi, Hyogo",https://goo.gl/maps/PevsxwSRFiF7q6uP9,,
PGspy37xvBM,Daikyu Ramen Yoshinogari Main Store,"30-3 Yoshida, Yoshinogari-cho, Kanzaki-gun, Saga",https://maps.app.goo.gl/MtPyjncHN54XXveV9,,
JVB0hJ_VyTY,Sanuki Udon Kuuchan Main Branch,"599-5 Tanaka, Kita-ku, Okayama City, Okayama Prefecture",https://maps.app.goo.gl/79wQxHuzniCMiihP9?g_st=ic,,
XE8_4Dy7Fuc,Tenuki Udon Marunaka,"1-2-68 Imabayashi, Higashisumiyoshi-ku, Osaka",https://maps.app.goo.gl/RbBAjavmA4Qcofc36,,
bBhMD0RV7Vg,Ajidokoro Takachiyo,"697-3 Obara, Nanto, Toyama",https://maps.app.goo.gl/LkoZyGdya8GLvoxq8,,
5SZbztbvUro,Xiao Nezha Malatang,"1-13-13 Kogane, Kokurakita-ku, Kitakyushu, Fukuoka",https://maps.app.goo.gl/hkTjeMmb8nMPrbpT6,,
CUV1CQ5qDxc,Sauna Pier,"Yono-wari 66-67, Jinno Shinden-cho, Toyohashi, Aichi",https://maps.app.goo.gl/Dk7MAaV1ugSSnuR5A,,
J595uuZxdt4,Hokka Hokka Taisho,"9-27 Kosone-cho, Kiryu, Gunma",https://maps.app.goo.gl/JskfYAo3KG1UucyK6,,
tlBCv2bhvwo,Obanzai Suzu,"1st Floor, SUN’S Building, 1-18-9 Tenjinbashi, Kita Ward, Osaka City, Osaka Prefecture",https://maps.app.goo.gl/7ZBbWgK2eSd7CyqM8,,
tlBCv2bhvwo,Rie's Yakisoba Chintonshan ~Panda Ya~,"23 Asahi-cho, Seto City, Aichi Prefecture",https://maps.app.goo.gl/7GiZ9c3Ka9aXZeN28,,
tlBCv2bhvwo,Brand Pork Tonkatsu Shibaken,"1-13-8 Uchidai-cho, Miyakojima-ku, Osaka",https://maps.app.goo.gl/4GLEpPbeDNLcYUJTA,,
tlBCv2bhvwo,Steak & Hamburger Maedatei Kazo,"1-6-49 Atago, Kazo City, Saitama Prefecture",https://maps.app.goo.gl/GXWBvSn2DASAKqz28,,
tlBCv2bhvwo,JOHN Kariosutoro,"2-251 Nukashinbo, Kanazawa City, Ishikawa Prefecture",https://maps.app.goo.gl/bqokkPh1Rpi9UHDY6,,
E_0f-dQlwKQ,Horyu Sohonten,"3-chome, Minami 6-jo Nishi, Chuo-ku, Sapporo, Hokkaido",https://maps.app.goo.gl/Y7Uar1ga5cWxeAy77,,
UFhrIuuAy74,Okonomiyaki Yamada,"203 Kozainishi-machi, Takamatsu, Kagawa",https://maps.app.goo.gl/8ybjL6CVfuhYATZa9,,
DkE340Rs1rY,Idehara,"2827 Kasaoka, Kasaoka-shi, Okayama",https://maps.app.goo.gl/Nto4cJF4iuV5qcnD7,,
ubgC7YKWPgs,Udon & Soba Restaurant Fukutaro,"1F, 6-9-15 Oshima, Koto-ku, Tokyo",https://maps.app.goo.gl/AmQD8844sWvi98r27,,
uZ6sh56kgfs,Nanoan,"1F, Okubo-machi Ekimae 2-8-15, Akashi-shi, Hyogo",,,
6kLdsGHGMUM,Kaisen Chuka Ryori Don,"1-35 Misasagidai, Koryo-cho, Kitakatsuragi District, Nara",https://maps.app.goo.gl/pF6e6cdQECDVo8vc7,,
_xFS4eqwbKU,Jinsei Iki ni Kanszu (Steak & Café),"346-3 Iinocho Higashi-ni, Marugame City, Kagawa Prefecture, Japan",https://maps.app.goo.gl/Ysf43n3FHNdENxjP7,,
jyyb9NfhxtY,Ramen Kokodake Taisho Branch,"1-18-2 Sanzenya Higashi, Taisho Ward, Osaka City",https://maps.app.goo.gl/bkDN3qPg2pzSTg8x5,,
0o_ctLvXhbU,Doyama Shokudo Bekkan,"6-11 Doyama-cho, Kita-ku, Osaka",https://maps.app.goo.gl/Z7z6yEtwbUzL3TSd9,,
arydhghF8UI,Ekimae Shokudo,"1370-1 Ogawa, Ootoyo-cho, Nagaoka-gun, Kochi Prefecture",https://maps.app.goo.gl/pVdqUqp8VuitsQdQA?g_st=com.google.maps.preview.copy,,
arydhghF8UI,Kaneto Shokudo,"1-2-16 Muroyamachi, Imabari City, Ehime Prefecture",https://maps.app.goo.gl/GPL3GunGxcSNiLuj9,,
arydhghF8UI,Diner MARUKO,"Shimohori 41-7, Toyama-shi, Toyama",https://goo.gl/maps/Sc8qgqgFq6oNE4AE8,,
PLjyr5Svmgk,Hideoya Nakata,"1-11-17 Nakata, Toyama City, Toyama Prefecture",https://maps.app.goo.gl/vPbQUmszLvt67pHDA,,
T7ZJUjz-6KA,Yokohama Iekei Ramen Kokoro,"1F Room A, 1-2-4 Obata, Moriyama-ku, Nagoya, Aichi",https://maps.app.goo.gl/vCxVJHVruQ6AxWH66,,
1Vdbn1RMfl0,Dashimaki Tamago Specialty Store Hyakka,"1-14-27 Shitennoji, Tennoji-ku, Osaka City, Osaka Prefecture",https://maps.app.goo.gl/JhhhtAfrGJ93tnpB7,,
AiIzPbsSiUQ,Sugichaya Udon,"1552-4 Kawaguchi, Tatebe-cho, Kita-ku, Okayama City, Okayama Prefecture",https://goo.gl/maps/XPkAtJVMcXG7yNTm8,,
m1dc7NoOv2M,Komedokoro Shibei,"4-6-11 Itami, Itami City, Hyogo",https://maps.app.goo.gl/3CGQYSoTLn6RcSex8,,
LIxqF6wvLnU,Menya WaBISABI,"57-1 Yasuda, Fuchu-machi, Toyama, Toyama",https://maps.app.goo.gl/7r5xAgukLp7sXx9w5,,
vN6J7nuHWPc,Sandaime Senpachi Raiken,"Daichi Daiichi Building, 2-2-30 Tokaichi-machi, Naka-ku, Hiroshima City, Hiroshima Prefecture, Japan",https://maps.app.goo.gl/Z2onciFM8qJbtAHv6,,
9BQ08daIMaY,Maruhei Ramen Shimada,"2-810 Shimada, Tempaku-ku, Nagoya, Aichi",https://maps.app.goo.gl/q8pq8uMuCPh2zBAJA,,
crVeiIATiPA,Ramen Miuraya,"6-5-1 Kanamachi, Katsushika-ku, Tokyo",https://maps.app.goo.gl/rfstwgQ6AZY18zKE7,,
TwihZc42jw4,Yawaragi,"Tagoto Plaza Building 1F, 1-3-12 Shinsaibashisuji, Chuo-ku, Osaka-shi, Osaka Prefecture",https://maps.app.goo.gl/PRJ3Rsh1DHukpwmn7,,
TwihZc42jw4,Osaka Fukuchan Ramen Tsukamoto store,"3-2-3 Tsukamoto, Yodogawa-ku, Osaka-shi, Osaka",https://maps.app.goo.gl/EaZN1oRZUNvqGe8N8,,
TwihZc42jw4,Tosao Shoten,"476-4 Akaoka-cho, Konan City, Kochi Prefecture",https://maps.app.goo.gl/8Yn3zg9QYeRjoezz8,,
zJAUUU_1p28,"Ramen Denko
Instagram　https://www.instagram.com/denko511/

※ Please note that the information in this video is accurate as of the time of filming.

0:00 Preview　
0:39 Main Content

Japanese Food Noodles
https://www.youtube.com/channel/UCxnZ8xQrppBhwj-_wuzWfIA

#foodstall #ramen #japanesestreetfood",,,,
JuAJKV2ZYTg,Udonbō Takamatsu Main Store,"8-19 Kameicho, Takamatsu City, Kagawa Prefecture",https://maps.app.goo.gl/xwuogGYiVMtFgiVP6?g_st=ic,,
q6g76fJ704c,Konan Soba,"Okamoto 1-11-18, Higashi Nada-ku, Kobe-shi, Hyogo",https://goo.gl/maps/4JBoVAaDoNd1eekr6,,
ghzT806wTjM,Spice Magic,"3-18-2 Omachi Nishi, Asaminami-ku, Hiroshima City, Hiroshima Prefecture",https://maps.app.goo.gl/K6441H9qasAwPzfu6,,
1F2woeb4Zbg,Chuka Soba Tsubame,"3-2 Higashikannon-cho, Nishi-ku, Hiroshima City, Hiroshima Prefecture",https://goo.gl/maps/eMCVq1fpzqdLuURx8,,
iSbHqRkQt_c,Yosha Shokudo,"1-13-14 Onishi, Izumisano City, Osaka Prefecture",https://maps.app.goo.gl/VPbrE7tKqzhHRC4Z7,,
FQZNHePE77s,Udon Tsuruta,"4-3-3 Suzurandai Minami-machi, Kita-ku, Kobe, Hyogo",https://maps.app.goo.gl/rqQhPMH9Tji9ih8M7?g_st=ic,,
VuxzEBhgV5M,Kato Yakisoba & Panda Yaki Shop,"2772-9 Maezawa, Tateyama-machi, Nakaniikawa District, Toyama",https://maps.app.goo.gl/HyCGoAbchyfBuU6f8,,
E6-iWL8iqcE,Yasue Shokuhin Branch,"1498-40 Nasukawa, Nakatsugawa, Gifu",https://maps.app.goo.gl/2YiVk3kT1SidP3qk9,,
8TxgEhu98kM,Gozoroppu,"466-1 Ishii, Kasama, Ibaraki",https://maps.app.goo.gl/CcAmWCmLRqNEUStu9,,
L1ZQcF79ZlI,Inter Shokudo,"3-16-6 Kamikari, Itoigawa City, Niigata Prefecture",https://maps.app.goo.gl/5HWswDGjWaFoaNry5,,
L1ZQcF79ZlI,Teramae,"4-12-24 Kowakae, Higashiosaka City, Osaka Prefecture",https://maps.app.goo.gl/q4hM8tcnHDfrergg7,,
L1ZQcF79ZlI,Mega Fried Chicken Specialty Store Kitchen BUS STOP,"506-3 Kofusa, Misato City, Saitama Prefecture",https://maps.app.goo.gl/GQxTYPXGALVxaV589,,
L1ZQcF79ZlI,Soba Chaya,"31-15 Shimona, Yamashiro-cho, Miyoshi-shi, Tokushima Prefecture",https://maps.app.goo.gl/MY5v6Ho1vv18cHhg7?g_st=com.google.maps.preview.copy,,
F4dLtePIjPE,Ginparo Sapporo Teine,"7-19 Tomioka 3-jo 1-chome, Teine-ku, Sapporo, Hokkaido",https://maps.app.goo.gl/6EfohtC6ufb6UGeh7,,
EJPZL8YIDzU,Osaka-ya,"238 Kado-nishi, Bizen City, Okayama Prefecture",https://goo.gl/maps/NrC2MV3GjQRpdRqN7,,
JE68LHru4C8,Sakaeda Udon Main Store,"2-23 Bancho 5-chome, Takamatsu City, Kagawa Prefecture",https://maps.app.goo.gl/oszoDtPks3gmwL7V7?g_st=ic,,
9kEMXrbfm7w,China Yatai Juhachiban,"2-7-7 Shinkawa, Chuo-ku, Tokyo",https://maps.app.goo.gl/8GwcvkFJDhuKtPUZ9,,
yihcbuQ_llo,Udon & Soba Takeya,"1309-1 Tsufuku Honmachi, Kurume City, Fukuoka Prefecture, Japan",https://goo.gl/maps/e4cbL8Rh1XzhZk9n9,,
kfFVcofb_9M,Bokkake,"Okubo-cho 763-1, Akashi-shi, Hyogo",https://goo.gl/maps/B5xRLuWf2aRZ8ih96,,
mKAeVcHFCvk,Misakiya Onigiri Kitchen Car,"Shiraki-cho, Asakita-ku, Hiroshima City, Hiroshima Prefecture, Japan",,,
PPLqclI-880,Teppanyaki Horumon Yamaki,"2-2-7 Haginochaya, Nishinari-ku, Osaka",https://maps.app.goo.gl/29CEr9uxVpQQTjee9,,
HKqSnPN7iSc,Kagamura Shokudo Ototo Mura,"E64-1 Soumachi, Kaga, Ishikawa",https://maps.app.goo.gl/XPwU3uMs9xd3BWJj8,,
zhyeTPvGvks,Kinpachi Ramen,"1-6-51 Nakayamashita, Kita-ku, Okayama City, Okayama Prefecture",https://maps.app.goo.gl/yL57VmPWXziTyG596,,
U-SrKshTvLw,Touchan Bento,"3-17-29 Ozone, Kita-ku, Nagoya, Aichi",https://maps.app.goo.gl/WrC99GCqqTmNpJEg8,,
d-gq2i1hqBU,Isshin-tei,"Amimoto Building, 8-2 Higashikanon-cho, Nishi-ku, Hiroshima City, Hiroshima Prefecture",https://maps.app.goo.gl/vgUEaebMLfPsXMwq5,,
d-gq2i1hqBU,Chinese Cuisine Piman,"3-30 Matsubaracho, Nishinomiya City, Hyogo Prefecture",https://maps.app.goo.gl/SswE8L1eraDvkSef8,,
d-gq2i1hqBU,Yosuko,"Nakaaoki 1-11-1, Kawaguchi-shi, Saitama",https://goo.gl/maps/MSYFVAiZPn1hyeaYA,,
d-gq2i1hqBU,Kotobuki,"Veil House 1A, 2-7-45 Masuzumi, Kanazawa City, Ishikawa Prefecture",https://maps.app.goo.gl/6EGfdWopqkpReToWA,,
izjhiA4FN0Y,Tamagawaya Saketen,"7-34-1 Nishi Kamata, Ota-ku, Tokyo",https://maps.app.goo.gl/isJfa2Lzrn2D48aR8,,
Y2XaIlY7W1U,Daiichi Syokudo,"1-4-4 Nakamachi, Kamifurano-cho, Sorachi-gun, Hokkaido",https://maps.app.goo.gl/ZR2Tfa2J41FPXTqZ7,,
GEsgYRc12aA,Ka-den Ryori Hana,"2-1-30 Shime-Chuo, Shime-cho, Kasuya-gun, Fukuoka",https://maps.app.goo.gl/kxH96ZyVsiEDURjh6,,
2altTvgllaQ,Ginza Ichifuku Main Store,"10 Ginza, Tokushima City, Tokushima Prefecture",https://maps.app.goo.gl/jxuALcRDgM4V8DGm8,,
UlJPEShEcfQ,Noodle Restaurant Mimatsu,"Sunrise Kitano 1F, Kamiyagawa-cho 1038-27, Kamigyo-ku, Kyoto-shi, Kyoto",https://goo.gl/maps/tS5KnH5XnD3h9yJG9,,
JUsOjBgdpGs,Olympic Hanten,"Tatsuta Nishi 5-4-15, Ikaruga-cho, Ikoma-gun, Nara",https://goo.gl/maps/ZEjfCw78KtXJz97A7,,
FSxvfOJNygo,Takaratei,"1-1-6 Asahi, Nishinari-ku, Osaka",https://maps.app.goo.gl/Mw7bzh57CtPzAyo77?g_st=ic,,
BY-hvIN-NzM,Steak House Itsuki,"507-1 Fukutomi, Wake-cho, Wake-gun, Okayama Prefecture",https://maps.app.goo.gl/D5uUKUciQuMfQsg4A,,
fHVzLoycS2o,Yatai Ramen Menya Miyabi,"Urawa Misono Station Exit 2, 12-3887 Misono Daimon Miyashita, Midori-ku, Saitama City, Saitama",https://maps.app.goo.gl/FQaYqPvSzN4b9BAD6,,
fHVzLoycS2o,Small Diner Hiro,"1-8-1-109, Kusatsuko, Nishi-ku, Hiroshima City, Hiroshima Prefecture",https://maps.app.goo.gl/tysvLGH4E6R9Fo81A,,
fHVzLoycS2o,Udon Izakaya Masaka,"1945-1 Norizukicho, Takasaki, Gunma Prefecture",https://maps.app.goo.gl/MmPYcFrHMTD9v86cA,,
fHVzLoycS2o,Diner MARUKO,"Shimohori 41-7, Toyama-shi, Toyama",https://goo.gl/maps/Sc8qgqgFq6oNE4AE8,,
Ndymp9d_GEs,Tonkatsu Oofuji Horie,"1-11-3 Kitahorie, Nishi-ku, Osaka",https://maps.app.goo.gl/PSwJnE9pjH4gZiws5,,
9HYAXUswkFs,"Taiwanese Home Cuisine, Huang's House","3-16-2 Kusunoki-cho, Nishi-ku, Hiroshima-shi, Hiroshima 733-0002",https://maps.app.goo.gl/6sQhs6w6huSTwrWo6,,
Ziakj_Krn4I,Menya Genkai,"1-7-21 Umamikita, Koryo-cho, Kitakatsuragi-gun, Nara Prefecture",https://maps.app.goo.gl/9Jj4PF622t2F8eEg7,,
W4wqguVSfig,Obento-ya no babachan,"3-8-9 Shimehigashi, Shime-cho, Kasuya-gun, Fukuoka",https://maps.app.goo.gl/6JZWxwJKjPeukWHd9,,
riRi9LMuqDI,Taiyo Shokudo,"1F Hideyama Building, 7-40-5 Nakamura-cho, Nakamura-ku, Nagoya, Aichi",https://maps.app.goo.gl/3eJhDJ59jDvyADFV6,,
S2v0cDizR6I,Ezo Ramen,"Shintai Building, 1-4-3 Matsuyama, Kiyose City, Tokyo",https://maps.app.goo.gl/KpxL6NymXEHwAMnx6,,
EC-AHKW4pIw,Senrigan,"4-6-8 Komaba, Meguro-ku, Tokyo",https://maps.app.goo.gl/NLvxzMMCYBzbmH4b9,,
By7j9TN9GiU,Yamato-ya,"2-2-1 Nishikatae, Jonan-ku, Fukuoka City, Fukuoka Prefecture",https://goo.gl/maps/27Z6XaytYayXyNaMA,,
S-vKeXAXsws,Hanshin Ken,"1-1 Mukonoso, Amagasaki, Hyogo",https://maps.app.goo.gl/zchumJ7YqqMoqT2W7,,
TZzG9fCKgCw,Chinese Restaurant Panda,"Ho 76-5 Mukaimotori-machi, Komatsu, Ishikawa",https://maps.app.goo.gl/pYZfKb5CjEGLdyP79,,
jRN6brqdM88,Spaghets Dandy,"Shimo Ishii 2-9-52, Kita-ku, Okayama-shi, Okayama",https://goo.gl/maps/rPRA3UnEnqzMzuRi9,,
jRN6brqdM88,Ginshari en,"3-1-9 Higashi Ebisu-cho, Sakai-ku, Sakai-shi, Osaka",https://maps.app.goo.gl/7fbnubWwic6JKcYw8,,
jRN6brqdM88,Negian Kamiyacho,"Hiroshima Motomachi NS Building, 13-13 Motomachi, Naka-ku, Hiroshima City, Hiroshima Prefecture",https://maps.app.goo.gl/3A82DFmPWXWZehem7,,
jRN6brqdM88,Katsudon Daiki Osu Branch,"3-28-11 Osu, Naka-ku, Nagoya, Aichi Prefecture",https://maps.app.goo.gl/nd2PJMd5ZxiaoKWq7,,
Y8DNpsspans,Wada Izumi Honten (Moriyama),"5th Sun Heights Omori, 1606 Wakida-cho, Moriyama-ku, Nagoya, Aichi Prefecture",https://maps.app.goo.gl/obxvL8TYg7RTFHYQ8,,
rL3DLEq_nRU,Steak & Hamburger Maedatei Kazo,"1-6-49 Atago, Kazo City, Saitama Prefecture",https://maps.app.goo.gl/GXWBvSn2DASAKqz28,,
8OQohuN6Jbs,Ryu Ramen (Cafeteria inside Saga Racecourse),"3256-228 Ejima-cho, Tosu City, Saga Prefecture",https://maps.app.goo.gl/1CRxHEfSTSVSRuPo8,,
qsQSeAaxd3E,"Chinese Soba Noodles - One Day, One Life","3-2-12 Yokogawa-cho, Nishi-ku, Hiroshima City, Hiroshima Prefecture",https://maps.app.goo.gl/HwXES6fGoQ2beZXi9,,
mq2b-CtZ_xQ,Market Restaurant Nishimura Shoten,"2-7-20 Kuzushima, Kochi City, Kochi Prefecture",https://maps.app.goo.gl/iWwGgU5rbjR3uuSR6,,
swuz4RuFxg8,Hon Teuchi Udon Shoji,"743-9 Kami-Ikusa, Kawashima-cho, Hiki-gun, Saitama",https://maps.app.goo.gl/EPhGhWDpBwP8tntQ6,,
LhRY-_P1uzc,Chinese Restaurant Ron,"Shinzaike 3-285-2, Hiraoka-cho, Kakogawa-shi, Hyogo",https://goo.gl/maps/BU2G7peVmYpSZFXz6,,
