video_url,title,location,lat,lng,season,episode
https://www.youtube.com/watch?v=dBg79tFmpO0,"The Hollow Way (Full Episode) | S16 EP12 | Time Team (Ulnaby, County Durham)","Ulnaby, County Durham",,,16,12
https://www.youtube.com/watch?v=v6-5XtPxZRk,Unearthing Coventry’s Lost Medieval Cathedral - Secrets Beneath the City | Time Team - S7 E7,,,,7,7
https://www.youtube.com/watch?v=8nJ-nr1cA2k,Unearthing Wadden: 4000 Years of Secrets Beneath a Dorset Village | Time Team - S7 E4,,,,7,4
https://www.youtube.com/watch?v=PUfW6BWBIjU,"Beacon on the Fens (Full Episode) | S16 EP11 | Time Team (Chapel Head, Cambridgeshire)","Chapel Head, Cambridgeshire",,,16,11
https://www.youtube.com/watch?v=SSiGABqEXU8,Lost WWII Spitfire Unearthed - Revealing the Pilot’s Final Battle | Time Team - S7 E3,,,,7,3
https://www.youtube.com/watch?v=HktL8CrFdv0,Uncovering Medieval Islamic Spain - Secrets of Denia's Lost City Revealed | Time Team - S7 E1,,,,7,1
https://www.youtube.com/watch?v=sQHb2mVzCpw,"King John’s Lost Palace (Full Episode) | S19 EP11 | Time Team (Clipstone, Nottinghamshire)","Clipstone, Nottinghamshire",,,19,11
https://www.youtube.com/watch?v=Bkbob3qcNw8,"Called to the Bar (Full Episode) | S16 EP10 | Time Team (Lincoln’s Inn, London)","Lincoln’s Inn, London",,,16,10
https://www.youtube.com/watch?v=YoBTVy78O9M,Lost Jamestown Found: Unearthing Nevis's Hidden History | Time Team - S6 E13,,,,6,13
https://www.youtube.com/watch?v=g0ILGS6ayM0,Uncovering the Lost Slave Village of Nevis - Caribbean Archaeology Revealed | Time Team - S6 E12,,,,6,12
https://www.youtube.com/watch?v=goJlGIOIDeo,"How to Lose a Castle (Full Episode) | S19 EP10 | Time Team (Crewkerne, Somerset)","Crewkerne, Somerset",,,19,10
https://www.youtube.com/watch?v=s0TVoeGdlTc,"Hermit Harbour (Full Episode) | S16 EP9 | Time Team (Looe, Cornwall)","Looe, Cornwall",,,16,9
https://www.youtube.com/watch?v=xiQp7pGB5Ts,Unearthing a Lost Roman Bathhouse and Ironworks in British Woods | Time Team - S6 E7,,,,6,7
https://www.youtube.com/watch?v=JqYMoeL5YVM,"Uncovering a 3,000-Year-Old Bronze Age Mystery in the Somerset Levels | Time Team - S5 E2",,,,5,2
https://www.youtube.com/watch?v=eJkoE8ijIW4,"Rome’s Wild West (Full Episode) | S19 EP9 | Time Team (Caerleon, Newport)","Caerleon, Newport",,,19,9
https://www.youtube.com/watch?v=5W4b0u3_PZY,"Mystery of the Ice Cream Villa (Full Episode) | S16 EP8 | Time Team (Colworth, Bedfordshire)","Colworth, Bedfordshire",,,16,8
https://www.youtube.com/watch?v=kGhHtp2QpTo,Unearthing Malton: Secrets of the Medieval Castle and Jacobean Mansion | Time Team - S4 E5,,,,4,5
https://www.youtube.com/watch?v=l_W1WowRw2E,Searching for King Connor's Lost Palaces - Ancient Ulster Unearthed | Time Team - S3 E5,,,,3,5
https://www.youtube.com/watch?v=tpsAVC_XQwY,"Secrets of the Dunes (Full Episode) | S19 EP8 | Time Team (Kenfig, Bridgend)","Kenfig, Bridgend",,,19,8
https://www.youtube.com/watch?v=8c74r2Mv1ws,"Anarchy in the UK (Full Episode) | S16 EP7 | Time Team (Radcot, Oxfordshire)","Radcot, Oxfordshire",,,16,7
https://www.youtube.com/watch?v=Dg-OWrQkpBM,Mystery of the 16th Century Shipwreck - Time Team's Underwater Discovery | Time Team - S3 E4,,,,3,4
https://www.youtube.com/watch?v=O9yOh-QbBl8,Secrets of the Knights Templar Unearthed at Templecombe | Time Team - S3 E3,,,,3,3
https://www.youtube.com/watch?v=kMxLojFJXuI,"The Only Earl is Essex (Full Episode) | S19 EP7 | Time Team (Colne Priory, Essex)","Colne Priory, Essex",,,19,7
https://www.youtube.com/watch?v=AHAVcf1kyV0,"Buried Bishops and Belfries (Full Episode) | S16 EP6 | Time Team (Salisbury Cathedral, Wiltshire)","Salisbury Cathedral, Wiltshire",,,16,6
https://www.youtube.com/watch?v=anUGGUPQDKg,Did We Just Find the Real First Roman Road in London? | Time Team - S2 E4,,,,2,4
https://www.youtube.com/watch?v=8KrRsZfju2c,"Cathedral Hill (Full Episode) | S5 EP7 | Time Team (Downpatrick, County Down)","Downpatrick, County Down",,,5,7
https://www.youtube.com/watch?v=dLHMuzUzzDk,"A Copper Bottomed Dig (Full Episode) | S19 EP6 Time Team (Pentrechwyth, Swansea)","Pentrechwyth, Swansea",,,19,6
https://www.youtube.com/watch?v=wSl1UGTFuXg,"Blood, Sweat and Beers (Full Episode) | S16 EP5 | Time Team (Rise Hill, Cumbria)","Rise Hill, Cumbria",,,16,5
https://www.youtube.com/watch?v=PKndTj9yhCQ,"Chapel Of Secrets (Full Episode) | S19 EP5 | Time Team (Beadnell, Northumberland)","Beadnell, Northumberland",,,19,5
https://www.youtube.com/watch?v=Q5wbyvYDdrU,"Toga Town (Full Episode) | S16 EP4 | Time Team (Caerwent, Monmouthshire)","Caerwent, Monmouthshire",,,16,4
https://www.youtube.com/watch?v=38EZEilgADQ,The Missing Cathedral and the Diabetic Prior (Full Episode) | S7 EP7 | Time Team (Coventry),Coventry,,,7,7
https://www.youtube.com/watch?v=U7_LwpGbL-4,"The First King of Racing (Full Episode) | S19 EP4 | Time Team (Newmarket, Suffolk)","Newmarket, Suffolk",,,19,4
https://www.youtube.com/watch?v=elqstC4JnWw,"Heroes' Hill (Full Episode) | S16 EP3 | Time Team (Knockdhu, Co Antrim)","Knockdhu, Co Antrim",,,16,3
https://www.youtube.com/watch?v=kxe3zXFPXo8,"A Muslim Port in Spain (Full Episode) | S7 EP1 | Time Team (Denia, Spain)","Denia, Spain",,,7,1
https://www.youtube.com/watch?v=WN52fqz8TUw,"The Drowned Town (Full Episode) | S19 EP3 | Time Team (Dunwich, Suffolk)","Dunwich, Suffolk",,,19,3
https://www.youtube.com/watch?v=TVg2SJTzOko,"The Wedding Present (Full Episode) | S16 EP2 | Time Team (Scargill Castle, County Durham)","Scargill Castle, County Durham",,,16,2
https://www.youtube.com/watch?v=uDTJDUMX7DU,"Somerset Levels (Full Episode) | S5 EP2 | Time Team (Greylake, Somerset)","Greylake, Somerset",,,5,2
https://www.youtube.com/watch?v=2vdL4rdIObw,"A Village Affair (Full Episode) | S19 EP2 | Time Team (Bitterley, Shropshire)","Bitterley, Shropshire",,,19,2
https://www.youtube.com/watch?v=pl1qVxUubIk,"The Trouble With Temples (Full Episode) | S16 EP1 | Time Team (Friar’s Wash, Hertfordshire)","Friar’s Wash, Hertfordshire",,,16,1
https://www.youtube.com/watch?v=CbbPTfUE6rY,"Rescuing the Dead (Full Episode) | S10 EP10 | Time Team (Leven, Fife)","Leven, Fife",,,10,10
https://www.youtube.com/watch?v=jOkeiwPRKUE,"Dig By Wire (Full Episode) | S19 EP1 | Time Team (Gateholm Island, Pembrokeshire)","Gateholm Island, Pembrokeshire",,,19,1
https://www.youtube.com/watch?v=6oAL4lqqeh0,"Scotch Broch (Full Episode) | S13 EP13 | Time Team (Applecross, Scottish Highlands)","Applecross, Scottish Highlands",,,13,13
https://www.youtube.com/watch?v=GoH0q0EBDQQ,"Iron-Age Market (Full Episode) | S9 EP7 | Time Team (Helford, Cornwall)","Helford, Cornwall",,,9,7
https://www.youtube.com/watch?v=_2ieDurqaVs,Blitzkrieg on Shooter's Hill (Full Episode) | S15 EP6 | Time Team (South London),South London,,,15,6
https://www.youtube.com/watch?v=PNDKzoL3wFY,"The Taxman's Tavern (Full Episode) | S13 EP12 | Time Team (Horsham, West Sussex)","Horsham, West Sussex",,,13,12
https://www.youtube.com/watch?v=fMu3TjJ9Wzg,"Animal Farm (Full Episode) | S12 EP13 | Time Team (Hanslope, Buckinghamshire)","Hanslope, Buckinghamshire",,,12,13
https://www.youtube.com/watch?v=9148ynNBbMg,"Early Bath (Full Episode) | S13 EP11 | Time Team (Ffrith, Flintshire)","Ffrith, Flintshire",,,13,11
https://www.youtube.com/watch?v=vq4TYvviZa4,"Birthplace of the Confessor (Full Episode) | S13 EP10 | Time Team (Islip, Oxfordshire)","Islip, Oxfordshire",,,13,10
https://www.youtube.com/watch?v=-ATi5An380E,"Peak District Practices (Full Episode) | S10 EP3 | Time Team (Carsington, Derbyshire)","Carsington, Derbyshire",,,10,3
https://www.youtube.com/watch?v=09fHCmldIAc,"Skeletons In The Shed (Full Episode) | S16 EP13 | Time Team (Blythburgh, Suffolk)","Blythburgh, Suffolk",,,16,13
https://www.youtube.com/watch?v=p7oZShw7ep8,"Sussex Ups and Downs (Full Episode) | S13 EP9 | Time Team (Blackpatch, West Sussex)","Blackpatch, West Sussex",,,13,9
https://www.youtube.com/watch?v=Qi1ijJGJ9L8,"Seven Buckets and a Buckle (Full Episode) | S9 EP13 | Time Team (Breamore, Hampshire)","Breamore, Hampshire",,,9,13
https://www.youtube.com/watch?v=AbxFy4BqJ_s,"The Hollow Way (Full Episode) | S16 EP12 | Time Team (Ulnaby, County Durham)","Ulnaby, County Durham",,,16,12
https://www.youtube.com/watch?v=MKwo8JCJ6qg,"Castle in the Round (Full Episode) | S13 EP8 | Time Team (Queenborough, Kent)","Queenborough, Kent",,,13,8
https://www.youtube.com/watch?v=Gy9AqzZQR68,Tower Blocks and Togas (Full Episode) | S12 EP12 | Time Team (South Shields),South Shields,,,12,12
https://www.youtube.com/watch?v=nW5KGQ778JM,"Beacon On The Fens (Full Episode) | S16 EP11 | Time Team (Chapel Head, Cambridgeshire)","Chapel Head, Cambridgeshire",,,16,11
https://www.youtube.com/watch?v=hxrMW0l8Hxw,"Norman Neighbours (Full Episode) | S12 EP11 | Time Team (Skipsea, Yorkshire)","Skipsea, Yorkshire",,,12,11
https://www.youtube.com/watch?v=p0SVGPGxLJI,"High Worsall (Full Episode) | S5 EP8 | Time Team (High Worsall, North Yorkshire)","High Worsall, North Yorkshire",,,5,8
https://www.youtube.com/watch?v=zTzf3WpjXVc,"Called To The Bar (Full Episode) | S16 EP10 | Time Team (Lincoln’s Inn, London)","Lincoln’s Inn, London",,,16,10
https://www.youtube.com/watch?v=H69XbqOl-lA,"The Puzzle of Picket's Farm (Full Episode) | S12 EP10 | Time Team (South Perrott, Dorset)","South Perrott, Dorset",,,12,10
https://www.youtube.com/watch?v=4NFiKwXTMdU,"Sanday, Orkney (Full Episode) | S5 EP3 | Time Team",,,,5,3
https://www.youtube.com/watch?v=VfQUneC-occ,"Hermit Harbour (Full Episode) | S16 EP9 | Time Team (Looe, Cornwall)","Looe, Cornwall",,,16,9
https://www.youtube.com/watch?v=wCOFSRhFcAM,"Lost Centuries of St Osyth (Full Episode) | S12 EP9 | Time Team (St Osyth, Essex)","St Osyth, Essex",,,12,9
https://www.youtube.com/watch?v=OI6F1qZ5zKU,In Search of the Palace of King Offa (Full Episode) | S7 EP10 | Time Team (Sutton St Nicholas),Sutton St Nicholas,,,7,10
https://www.youtube.com/watch?v=beKQF02f9RQ,"Mystery Of The Ice Cream Villa (Full Episode) | S16 EP8 | Time Team (Colworth, Bedfordshire)","Colworth, Bedfordshire",,,16,8
https://www.youtube.com/watch?v=1SH8gmE9JDM,"Picts And Hermits (Full Episode) | S12 EP8 | Time Team (Wemyss, Fife)","Wemyss, Fife",,,12,8
https://www.youtube.com/watch?v=yCokMXCER_g,"Nuns in Northumbria (Full Episode) | S7 EP12 | Time Team (Hartlepool, County Durham)","Hartlepool, County Durham",,,7,12
https://www.youtube.com/watch?v=ygdMbhk7iXo,"Anarchy In The UK (Full Episode) | S16 EP7 | Time Team (Radcot, Oxfordshire)","Radcot, Oxfordshire",,,16,7
https://www.youtube.com/watch?v=TpVKVwgBsAE,"Going Upmarket With The Romans (Full Episode) | S12 EP7 | Time Team (Standish, Gloucestershire)","Standish, Gloucestershire",,,12,7
https://www.youtube.com/watch?v=flv_9l4JCuo,"A Waltham Villa (Full Episode) | S8 EP4 | Time Team (Waltham Field, Whittington)","Waltham Field, Whittington",,,8,4
https://www.youtube.com/watch?v=O6T_fKNPwJ0,Buried Bishops And Belfries (Full Episode) | S16 EP6 | Time Team (Salisbury Cathedral),Salisbury Cathedral,,,16,6
https://www.youtube.com/watch?v=XHZGN5L2zRA,"In Search Of Henry V’s Flagship (Full Episode) | S12 EP6 | Time Team (Grace Dieu, Hampshire)","Grace Dieu, Hampshire",,,12,6
https://www.youtube.com/watch?v=C-cwSxc5-xk,"The Celtic Spring (Full Episode) | S8 EP3 | Time Team (Llygadwy, Powys)","Llygadwy, Powys",,,8,3
https://www.youtube.com/watch?v=vhlUeJGn26I,"Blood, Sweat and Beers (Full Episode) | S16 EP5 | Time Team (Rise Hill, Cumbria)","Rise Hill, Cumbria",,,16,5
https://www.youtube.com/watch?v=PTDlKhS9I3c,"A Neolithic Cathedral? (Full Episode) | S12 EP5 | Time Team (Northborough, Peterborough)","Northborough, Peterborough",,,12,5
https://www.youtube.com/watch?v=NIi6iMinOug,"The Roman Bathhouse (Full Episode) | S6 EP7 | Time Team (Beauport Park, East Sussex)","Beauport Park, East Sussex",,,6,7
https://www.youtube.com/watch?v=OtcLi0h3tg8,"Toga Town (Full Episode) | S16 EP4 | Time Team (Caerwent, Monmouthshire)","Caerwent, Monmouthshire",,,16,4
https://www.youtube.com/watch?v=0zZHAitHQWQ,"Fighting On The Frontier (Full Episode) | S12 EP4 | Time Team (Drumlanrig, Dumfries)","Drumlanrig, Dumfries",,,12,4
https://www.youtube.com/watch?v=9hs674DnvmM,"A Palace Sold for Scrap (Full Episode) | S8 EP6 | Time Team (Thame, Oxfordshire)","Thame, Oxfordshire",,,8,6
https://www.youtube.com/watch?v=CCuLJzmw7s4,"Heroes' Hill (Full Episode) | S16 EP3 | Time Team (Knockdhu, County Antrim)","Knockdhu, County Antrim",,,16,3
https://www.youtube.com/watch?v=wx6n3hJJxBM,"The Bombers in the Marsh (Full Episode) | S12 EP3 | Time Team (Warton, Lancashire)","Warton, Lancashire",,,12,3
https://www.youtube.com/watch?v=bssVE1F896Y,Nevis: Part 1 (Full Episode) | S6 EP12 | Time Team (Saint Kitts and Nevis),Saint Kitts and Nevis,,,6,12
https://www.youtube.com/watch?v=J55ggoJwRTQ,"The Wedding Present (Full Episode) | S16 EP2 | Time Team (Scargill Castle, County Durham)","Scargill Castle, County Durham",,,16,2
https://www.youtube.com/watch?v=JfMD0kOkZto,"The Monastery and the Mansion (Full Episode) | S12 EP2 | Time Team (Nether Poppleton, Yorkshire)","Nether Poppleton, Yorkshire",,,12,2
https://www.youtube.com/watch?v=g6mnleThc_M,"A View to a Kiln (Full Episode) | S10 EP12 | Full Episode | Time Team (Sedgefield, County Durham)","Sedgefield, County Durham",,,10,12
https://www.youtube.com/watch?v=j4Js77gGJ4w,"The Trouble With Temples (Full Episode) | S16 EP1 | Time Team (Friar’s Wash, Hertfordshire)","Friar’s Wash, Hertfordshire",,,16,1
https://www.youtube.com/watch?v=kdaW5YgoTv8,The Manor That's Back to Front (Full Episode) | S12 EP1 | Time Team (Chenies Manor),Chenies Manor,,,12,1
https://www.youtube.com/watch?v=OhtdiyqvytI,"London's First Bridge (Full Episode) | S9 EP1 | Time Team (Vauxhall, London)","Vauxhall, London",,,9,1
https://www.youtube.com/watch?v=afCFsm_gg9Y,"Hunting King Harold (Full Episode) | S15 EP13 | Time Team (Portskewett, South Wales)","Portskewett, South Wales",,,15,13
https://www.youtube.com/watch?v=HQOaagcpeUQ,"Romans On The Range (Full Episode) | S18 EP11 | Time Team (Purlieus Wood, Cambridgeshire)","Purlieus Wood, Cambridgeshire",,,18,11
https://www.youtube.com/watch?v=ayykqgn0nMU,Looking for the White House (Full Episode) | S10 EP9 | Time Team (Kew Gardens),Kew Gardens,,,10,9
https://www.youtube.com/watch?v=sFNYntf0f1Q,"The Romans Recycle (Full Episode) | S15 EP12 | Time Team (Wickenby, Lincolnshire)","Wickenby, Lincolnshire",,,15,12
https://www.youtube.com/watch?v=P3Phc0r441Q,"Search For the Domesday Mill (Full Episode) | S18 EP10 | Time Team (Buck Mill, Somerset)","Buck Mill, Somerset",,,18,10
https://www.youtube.com/watch?v=sf8Qdy2gWxg,"Diving for the Armada (Full Episode) | S9 EP3 | Time Team (Kinlochbervie, Sutherland)","Kinlochbervie, Sutherland",,,9,3
https://www.youtube.com/watch?v=KVzAeLFfwUQ,"5,000 Tonnes of Stone (Full Episode) | S15 EP11 | Time Team (Hamsterley, County Durham)","Hamsterley, County Durham",,,15,11
https://www.youtube.com/watch?v=myzJiQiulsI,"Mystery of the Manor Moat (Full Episode) | S18 EP9 | Time Team (Llancaiach Fawr, South Wales)","Llancaiach Fawr, South Wales",,,18,9
https://www.youtube.com/watch?v=27ZbSlRjgWw,The Furnace in the Cellar (Full Episode) | S9 EP5 | Time Team (Ironbridge Gorge),Ironbridge Gorge,,,9,5
https://www.youtube.com/watch?v=hXMlmPsFfo8,"From Constantinople to Cornwall (Full Episode) | S15 EP10 | Time Team (Padstow, Cornwall)","Padstow, Cornwall",,,15,10
https://www.youtube.com/watch?v=jNRr9WILcLQ,"Cannons and Castles (Full Episode) | S18 EP8 | Time Team (Mont Orgueil, Jersey)","Mont Orgueil, Jersey",,,18,8
https://www.youtube.com/watch?v=XFdQOoe9ZEc,"The Bone Caves (Full Episode) | S8 EP8 | Time Team (Alveston, Gloucestershire)","Alveston, Gloucestershire",,,8,8
https://www.youtube.com/watch?v=AC3KP8E0BEY,"Fort Of The Earls (Full Episode) | S15 EP9 | Time Team (Dungannon, Northern Ireland)","Dungannon, Northern Ireland",,,15,9
https://www.youtube.com/watch?v=yWr_URYYE_E,"House Of The White Queen (Full Episode) | S18 EP7 | Time Team (Groby, Leicestershire)","Groby, Leicestershire",,,18,7
https://www.youtube.com/watch?v=ewy921VSzD8,"Joust Dig It (Full Episode) | S10 EP5 | Time Team (Greenwich, London)","Greenwich, London",,,10,5
https://www.youtube.com/watch?v=u2UWHtQcDKk,"Saxons On The Edge (Full Episode) | S15 EP8 | Time Team (Knave Hill, Leicestershire)","Knave Hill, Leicestershire",,,15,8
https://www.youtube.com/watch?v=JsPqSwvzazI,"Under The Gravestones (Full Episode) | S18 EP6 | Time Team (Castor, Cambridgeshire)","Castor, Cambridgeshire",,,18,6
https://www.youtube.com/watch?v=VK-2j_eGE3I,"Holy Island (Full Episode) | S8 EP10 | Time Team (Lindisfarne, Northumberland)","Lindisfarne, Northumberland",,,8,10
https://www.youtube.com/watch?v=gbKGaH2Sjkg,"Furnace in the Forest (Full Episode) | S18 EP5 | Time Team (Derwentcote, County Durham)","Derwentcote, County Durham",,,18,5
https://www.youtube.com/watch?v=XvEV9VFGe8Y,"Keeping Up With The Georgians (Full Episode) | S15 EP7 | Time Team (Hunstrete, Somerset)","Hunstrete, Somerset",,,15,7
https://www.youtube.com/watch?v=zBg4_qb3Qmo,"Wedgwood's First Factory (Full Episode) | S6 EP1 | Time Team (Burslem, Stoke-on-Trent)","Burslem, Stoke-on-Trent",,,6,1
https://www.youtube.com/watch?v=_eIwid-2fX4,Hitler’s Island Fortress (Full Episode) | S18 EP4 | Time Team (Jersey),Jersey,,,18,4
https://www.youtube.com/watch?v=3nobycsKBCs,"Mysteries Of The Mosaic (Full Episode) | S15 EP5 | Time Team (Coberley, Gloucestershire)","Coberley, Gloucestershire",,,15,5
https://www.youtube.com/watch?v=g3XIfjA_XNc,A Roman Temple in Sight of the Millennium Dome (Full Episode) | S7 EP11 | Time Team (Greenwich),Greenwich,,,7,11
https://www.youtube.com/watch?v=7nxKC8kn234,"Romans on the Range (Full Episode) | S18 EP3 | Time Team (High Ham, Somerset)","High Ham, Somerset",,,18,3
https://www.youtube.com/watch?v=hD7ZGLNUydc,"Bodies In The Dunes (Full Episode) | S15 EP3 | Time Team (Barra, Outer Hebrides)","Barra, Outer Hebrides",,,15,3
https://www.youtube.com/watch?v=OQSG2t4CTPQ,"In Search of the Earliest Traces of Mankind (Full Episode) | S7 EP6 | Time Team (Elveden, Suffolk)","Elveden, Suffolk",,,7,6
https://www.youtube.com/watch?v=ZQNk3gSSQjc,"Saxon Death, Saxon Gold (Full Episode) | S18 EP2 | Time Team (West Langton, Leicestershire)","West Langton, Leicestershire",,,18,2
https://www.youtube.com/watch?v=DqPA6MC-Jm8,"Street Of The Dead (Full Episode) | S15 EP2 | Time Team (Binchester, County Durham)","Binchester, County Durham",,,15,2
https://www.youtube.com/watch?v=vhF-74dMBJU,"Bronze Age Cropmarks (Full Episode) | S6 EP10 | Time Team (Kemerton, Worcestershire)","Kemerton, Worcestershire",,,6,10
https://www.youtube.com/watch?v=0Z-QPsnwlVM,"Reservoir Rituals (Full Episode) | S18 EP1 | Time Team (Tottiford, Devon)","Tottiford, Devon",,,18,1
https://www.youtube.com/watch?v=J8Oem3-4UuQ,"Gold In The Moat (Full Episode) | S15 EP1 | Time Team (Codnor Castle, Derbyshire)","Codnor Castle, Derbyshire",,,15,1
https://www.youtube.com/watch?v=Q_HhqW9uyjI,The Leaning Tower of Bridgnorth (Full Episode) | S8 EP11 | Time Team (Shropshire),Shropshire,,,8,11
https://www.youtube.com/watch?v=MoWV3Nx1f1w,"Commanding Heights (Full Episode) | S17 EP12 | Time Team (Dinmore, Herefordshire)","Dinmore, Herefordshire",,,17,12
https://www.youtube.com/watch?v=B5_BPGGiBbY,"In The Shadow Of The Tor (Full Episode) | S14 EP13 | Time Team (Bodmin Moor, Cornwall)","Bodmin Moor, Cornwall",,,14,13
https://www.youtube.com/watch?v=HOnJH-3IAwE,"Search for Richmond Palace (Full Episode) | S5 EP1 | Time Team (Richmond, Surrey)","Richmond, Surrey",,,5,1
https://www.youtube.com/watch?v=QlCkdSz9Ozc,"There’s A Villa Here Somewhere (Full Episode) | S17 EP11 | Time Team (Litlington, Cambridgeshire)","Litlington, Cambridgeshire",,,17,11
https://www.youtube.com/watch?v=yVSjxxTZl0M,"The Abbey Habit (Full Episode) | S14 EP12 | Time Team (Poulton, Cheshire)","Poulton, Cheshire",,,14,12
https://www.youtube.com/watch?v=yhSvLBVwdcE,"The Lost Viaduct (Full Episode) | S8 EP5 | Time Team (Blaenavon, Torfaen)","Blaenavon, Torfaen",,,8,5
https://www.youtube.com/watch?v=DVqxhojvbqE,"Priory Engagement (Full Episode) | S17 EP10 | Time Team (Burford, Oxfordshire)","Burford, Oxfordshire",,,17,10
https://www.youtube.com/watch?v=v7szfz-4I3E,"The Cheyne Gang (Full Episode) | S14 EP10 | Time Team (Chesham Bois, Buckinghamshire)","Chesham Bois, Buckinghamshire",,,14,10
https://www.youtube.com/watch?v=c9IfJqfPBdw,"Beaker Settlement (Full Episode) | S5 EP5 | Time Team (Majorca, Spain)","Majorca, Spain",,,5,5
https://www.youtube.com/watch?v=uR-y6NLuKJs,Governor's Green (Full Episode) | S17 EP9 | Time Team (Portsmouth),Portsmouth,,,17,9
https://www.youtube.com/watch?v=ujNpkyMdKtI,"The Bombers in the Marsh (Full Episode) | S12 EP3 | Time Team (Warton, Lancashire)","Warton, Lancashire",,,12,3
https://www.youtube.com/watch?v=eaewnXvuGM4,"Something For The Weekend (Full Episode) | S17 EP8 | Time Team (Tregruk Castle, South Wales)","Tregruk Castle, South Wales",,,17,8
https://www.youtube.com/watch?v=VZuncwwRL6c,"The Domesday Mill (Full Episode) | S14 EP9 | Time Team (Dotton, Devon)","Dotton, Devon",,,14,9
https://www.youtube.com/watch?v=xmWXDSDqf9Y,"Death And Dominoes (Full Episode) | S17 EP7 | Time Team (Norman Cross, Cambridgeshire)","Norman Cross, Cambridgeshire",,,17,7
https://www.youtube.com/watch?v=A_owrnq7tZ0,"No Stone Unturned (Full Episode) | S14 EP8 | Time Team (Warburton, Greater Manchester)","Warburton, Greater Manchester",,,14,8
https://www.youtube.com/watch?v=WU3G16hB4_I,"Potted History (Full Episode) | S17 EP6 | Time Team (Mildenhall, Wiltshire)","Mildenhall, Wiltshire",,,17,6
https://www.youtube.com/watch?v=V4SZfqbznps,"A Tale Of Two Villages (Full Episode) | S14 EP7 | Time Team (Wicken, Northamptonshire)","Wicken, Northamptonshire",,,14,7
https://www.youtube.com/watch?v=MIiYOgmO-Cs,The Massacre In The Cellar (Full Episode) | S17 EP5 | Time Team (Hopton Castle),Hopton Castle,,,17,5
https://www.youtube.com/watch?v=p8TyT1erodE,"A Port And Stilton (Full Episode) | S14 EP6 | Time Team (Stilton, Cambridgeshire)","Stilton, Cambridgeshire",,,14,6
https://www.youtube.com/watch?v=0dBUhjQOhtk,In The Halls Of A Saxon King (Full Episode) | S17 EP4 | Time Team (Sutton Courtenay),Sutton Courtenay,,,17,4
https://www.youtube.com/watch?v=ZJ7MzmZ3MGA,The Druids' Last Stand (Full Episode) | S14 EP4 | Time Team,,,,14,4
https://www.youtube.com/watch?v=jE8EbufmLNE,"Bridge Over The River Tees (Full Episode) | S17 EP3 | Time Team (Piercebridge, County Durham)","Piercebridge, County Durham",,,17,3
https://www.youtube.com/watch?v=fUEy0ibHMc0,"School Diggers (Full Episode) | S14 EP3 | Time Team (Hooke Court, Dorset)","Hooke Court, Dorset",,,14,3
https://www.youtube.com/watch?v=uNSFPAprEpc,"A Saintly Site (Full Episode) | S17 EP2 | Time Team (Tobermory, Isle of Mull)","Tobermory, Isle of Mull",,,17,2
https://www.youtube.com/watch?v=i_aavjEEynw,"There’s No Place Like Rome (Full Episode) | S14 EP2 | Time Team (Blacklands, Somerset)","Blacklands, Somerset",,,14,2
https://www.youtube.com/watch?v=z-1v_xUEySE,Corridors Of Power (Full Episode) | S17 EP1 | Time Team (Westminster),Westminster,,,17,1
https://www.youtube.com/watch?v=jP6eMJgaaec,Finds In The Fairway (Full Episode) | S14 EP1 | Time Team (Isle Of Man),Isle Of Man,,,14,1
https://www.youtube.com/watch?v=VHKti81YDcI,"Skeletons In The Shed (Full Episode) | S16 EP13 | Time Team (Blythburgh, Suffolk)","Blythburgh, Suffolk",,,16,13
https://www.youtube.com/watch?v=jzawKzd5fLY,"Road To The Relics (Full Episode) | S14 EP11 | Time Team (Godstone, Surrey)","Godstone, Surrey",,,14,11
https://www.youtube.com/watch?v=KiJTtSwp-JI,"The Hollow Way (Full Episode) | S16 EP12 | Time Team (Ulnaby, County Durham)","Ulnaby, County Durham",,,16,12
https://www.youtube.com/watch?v=_nnTuBXOrGI,"The Fort Of The Earls (Full Episode) | S15 EP9 | Time Team (Dungannon, Northern Ireland)","Dungannon, Northern Ireland",,,15,9
https://www.youtube.com/watch?v=pFtcouunEg4,"Mysteries Of The Mosaic (Full Episode) | S15 EP5 | Time Team (Coberley, Gloucestershire)","Coberley, Gloucestershire",,,15,5
https://www.youtube.com/watch?v=Mk8fcdnU9SI,"King John’s Lost Palace (Full Episode) | S19 EP11 | Time Team (Clipstone, Nottinghamshire)","Clipstone, Nottinghamshire",,,19,11
https://www.youtube.com/watch?v=BVXNXtIkFls,"The Monk’s Manor (Full Episode) | S13 EP7 | Time Team (Brigham, Yorkshire)","Brigham, Yorkshire",,,13,7
https://www.youtube.com/watch?v=n7KulcsWqkg,"Hermit Harbour (Full Episode) | S16 EP9 | Time Team (Looe, Cornwall)","Looe, Cornwall",,,16,9
https://www.youtube.com/watch?v=eboOPS1Isno,"Court Of The Kentish King (Full Episode) | S13 EP6 | Time Team (Eastry, Kent)","Eastry, Kent",,,13,6
https://www.youtube.com/watch?v=NQoWXzgqnqg,"Mystery Of The Ice Cream Villa (Full Episode) | S16 EP8 | Time Team (Colworth, Bedfordshire)","Colworth, Bedfordshire",,,16,8
https://www.youtube.com/watch?v=6fIlOW0TFBk,"The Boat On The Rhine (Full Episode) | S13 EP5 | Time Team (Utrecht, Netherlands)","Utrecht, Netherlands",,,13,5
https://www.youtube.com/watch?v=c0WLluyWloA,Buried Bishops And Belfries (Full Episode) | S16 EP6 | Time Team (Salisbury Cathedral),Salisbury Cathedral,,,16,6
https://www.youtube.com/watch?v=7dotgaD4CEI,"The First Tudor Palace (Full Episode) | S13 EP4 | Time Team (Esher, Surrey)","Esher, Surrey",,,13,4
https://www.youtube.com/watch?v=U8dnjLCtV3g,"Called To The Bar (Full Episode) | S16 EP10 | Time Team (Lincoln’s Inn, London)","Lincoln’s Inn, London",,,16,10
https://www.youtube.com/watch?v=NfP2ArCflWQ,"How To Lose A Castle (Full Episode) | S19 EP10 | Time Team (Castle Hill, Somerset)","Castle Hill, Somerset",,,19,10
https://www.youtube.com/watch?v=P95goNAvJN4,Rubble At The Mill (Full Episode) | S13 EP3 | Time Team (Manchester),Manchester,,,13,3
https://www.youtube.com/watch?v=fdudDiixmWo,"Heroes' Hill (Full Episode) | S16 EP3 | Time Team (Knockdhu, Co Antrim)","Knockdhu, Co Antrim",,,16,3
https://www.youtube.com/watch?v=g_8pd9lojng,"Villas Out Of Molehills (Full Episode) | S13 EP2 | Time Team (Withington,Gloucestershire)","Withington,Gloucestershire",,,13,2
https://www.youtube.com/watch?v=_BkpgO17SdA,"The Trouble With Temples (Full Episode) | S16 EP1 | Time Team (Friar’s Wash, Hertfordshire)","Friar’s Wash, Hertfordshire",,,16,1
https://www.youtube.com/watch?v=kG5vU1eLkHs,"Bodies In The Shed (Full Episode) | S13 EP1 | Time Team (Glendon, Northamptonshire)","Glendon, Northamptonshire",,,13,1
https://www.youtube.com/watch?v=iFhnqbSHRRY,"Bodies In The Dunes (Full Episode) | S15 EP3 | Time Team (Barra, Outer Hebrides)","Barra, Outer Hebrides",,,15,3
https://www.youtube.com/watch?v=pAaV0x9WOv8,"Rome’s Wild West (Full Episode) | S19 EP9 | Time Team (Caerleon, South Wales)","Caerleon, South Wales",,,19,9
https://www.youtube.com/watch?v=zbjtBRsQSj4,"Anarchy In The UK (Full Episode) | S16 EP7 | Time Team (Radcot, Oxfordshire)","Radcot, Oxfordshire",,,16,7
https://www.youtube.com/watch?v=Zs5zJAmhKEk,"Blood, Sweat and Beers (Full Episode) | S16 EP5 | Time Team (Rise Hill, Cumbria)","Rise Hill, Cumbria",,,16,5
https://www.youtube.com/watch?v=eScx284tr3o,"Beacon On The Fens (Full Episode) | S16 EP11 | Time Team (Chapel Head, Cambridgeshire)","Chapel Head, Cambridgeshire",,,16,11
https://www.youtube.com/watch?v=CNjS52NBgbQ,"Toga Town (Full Episode) | S16 EP4 | Time Team (Caerwent, Monmouthshire)","Caerwent, Monmouthshire",,,16,4
https://www.youtube.com/watch?v=CssZKq0wU1k,"The Wedding Present (Full Episode) | S16 EP2 | Time Team (Scargill Castle, County Durham)","Scargill Castle, County Durham",,,16,2
https://www.youtube.com/watch?v=4zM7kZiz6HY,"Sharpe’s Redoubt (Full Episode) | S14 EP5 | Time Team (Sandgate, Kent)","Sandgate, Kent",,,14,5
https://www.youtube.com/watch?v=DagpmJo3Ojg,A Castle In Your Garden? | Time Team,,,,,
https://www.youtube.com/watch?v=6Sir2qH-AnQ,"Secrets of the Dunes (Full Episode) | S19 EP8 | Time Team (Kenfig, South Wales)","Kenfig, South Wales",,,19,8
https://www.youtube.com/watch?v=anrxrJ6mxRI,The Mystery Of Hopston Castle | Time Team,,,,,
https://www.youtube.com/watch?v=-rSEj_fB7-0,Top 3 Cornish Finds | Time Team,,,,,
https://www.youtube.com/watch?v=f36HodqN204,The MOST Unexpected Dig | Time Team,,,,,
https://www.youtube.com/watch?v=Dzho_yTZkQY,Top 3 Saxon Finds | Time Team,,,,,
https://www.youtube.com/watch?v=-c5Qm-xzQ34,A House Fit For A Queen | Time Team,,,,,
https://www.youtube.com/watch?v=1kBPOuaAHog,Medieval Graves And Decorative Tiles | Time Team,,,,,
https://www.youtube.com/watch?v=y4IDUoR4xuc,Top 3 Iron Age Finds | Time Team,,,,,
https://www.youtube.com/watch?v=7L2I7NNqQ9k,A MASSIVE Flint Find | Time Team,,,,,
https://www.youtube.com/watch?v=9_QOrEzJ7Hw,"The Only Earl Is Essex (Full Episode) | S19 EP7 | Time Team (Colne Priory, Essex)","Colne Priory, Essex",,,19,7
https://www.youtube.com/watch?v=qKQGLmBTf1o,Top 3 Greatest Mystery Digs | Time Team,,,,,
https://www.youtube.com/watch?v=g0mJqwVl5M8,Excavating A Roman Boat In The Netherlands | Time Team,,,,,
https://www.youtube.com/watch?v=jz7hYV2k7xw,Top 3 SHOCKING Roman Digs | Time Team,,,,,
https://www.youtube.com/watch?v=pLW8Ob128c8,Finding A Medieval Period Settlement | Time Team,,,,,
https://www.youtube.com/watch?v=YMBN_iRuzmw,Striking Gold: Expensive Finds!! | Time Team,,,,,
https://www.youtube.com/watch?v=M0VL7hbGA6I,Caves And Carvings On The Walls I Time Team,,,,,
https://www.youtube.com/watch?v=8LNkwbac59k,TOP 3 Digging Mishaps 🫣⚡️⛏️ I Time Team,,,,,
https://www.youtube.com/watch?v=TPMs5CAkEco,A Cellar Inside Westminster Abbey? I Time Team,,,,,
https://www.youtube.com/watch?v=aSGBOjUxwFM,"The Drowned Town (Full Episode) | S19 EP3 | Time Team (Dunwich, Suffolk)","Dunwich, Suffolk",,,19,3
https://www.youtube.com/watch?v=CH2PYQKyTyY,Queens Of The Digs (Part I) | Time Team,Part I,,,,
https://www.youtube.com/watch?v=cntMxHJdkZo,A Complex Water System I Time Team,,,,,
https://www.youtube.com/watch?v=WcOP0w6KElw,The Best Of John Gater 🏛️  | Time Team,,,,,
https://www.youtube.com/watch?v=XMlyoMzqu5Y,Phil Wants The Truth About This Hidden Trench ⚒️ I Time Team,,,,,
https://www.youtube.com/watch?v=i7YjhoVejtg,➤Top 5 Home DIGS 🏡✨ I Time Team,,,,,
https://www.youtube.com/watch?v=z1pC816YMd0,The Search for Henry V's Flagship 🚢 I Time Team,,,,,
https://www.youtube.com/watch?v=arq9Y3Q2TPY,➤Top 5 Animal Discoveries 🐕🐈 I Time Team,,,,,
https://www.youtube.com/watch?v=2F3RMuTGZpE,Time Team's Dig For The Watermill ⛏️I Time Team,,,,,
https://www.youtube.com/watch?v=iOUMT499lYI,➤Top 3 Ancient Accessories ✨  I Time Team,,,,,
https://www.youtube.com/watch?v=C0FzK0KA53A,"A Copper Bottomed Dig (Full Episode) I S19 EP6 I Time Team (Swansea, Wales)","Swansea, Wales",,,19,6
https://www.youtube.com/watch?v=eo12Gk3fg3c,➤TOP 5 Time Team Water Adventures 💦 I Time Team,,,,,
https://www.youtube.com/watch?v=EXC5X_6O6o8,"""What Were The Romans Doing Here?"" 🤔 I Time Team",,,,,
https://www.youtube.com/watch?v=u6mDkO3Q5dc,A Mysterious Carved Face I Time Team,,,,,
https://www.youtube.com/watch?v=gAI8PXaezKU,"➤ Best of Kings, Castles & Forts 🏰 I Time Team",,,,,
https://www.youtube.com/watch?v=DV2LlWt7aK4,Time Team Explores A Mysterious Trench | Time Team,,,,,
https://www.youtube.com/watch?v=fLz_LXw1rEk,Exploring A Saxon Burial Ground I Time Team,,,,,
https://www.youtube.com/watch?v=4YRqohlYUCI,➤ Best of Tony Robinson I Time Team Classics,,,,,
https://www.youtube.com/watch?v=1oaZUEucuBk,Mick’s Team Discovers A Roman Bridge I Time Team,,,,,
https://www.youtube.com/watch?v=1sn-wzhD8Z0,➤ Time Team Best of Niche Specialists ⛏️ | Time Team,,,,,
https://www.youtube.com/watch?v=ZXXNmDURDxk,"Chapel Of Secrets (Full Episode) | S19 EP5 | Time Team (Beadnell, Northumberland)","Beadnell, Northumberland",,,19,5
https://www.youtube.com/watch?v=1rsoUyelIjI,Time Team Makes An Explosive Discovery From WWII I Time Team,,,,,
https://www.youtube.com/watch?v=XMUu1_6m3gg,Phil Harding vs. The Unexpected Concrete I Time Team,,,,,
https://www.youtube.com/watch?v=9UKBY8_tYC8,➤ Time Team's BEST OF 2024 🏆🥇,,,,,
https://www.youtube.com/watch?v=EGv2AkZ1E20,Support Time Team this Black Friday | Special Offer,,,,,
https://www.youtube.com/watch?v=t8Iz7h1ksYg,THE ENEMIES OF ROME (The Top 3 Time Team Digs),The Top 3 Time Team Digs,,,,
https://www.youtube.com/watch?v=2K9YqOfpQ7o,Zip Lining to the Site | Time Team Classic,,,,,
https://www.youtube.com/watch?v=DStATdVQnSM,"The First King of Racing (Full Episode) | S19 EP4 | Time Team (Newmarket, Suffolk)","Newmarket, Suffolk",,,19,4
https://www.youtube.com/watch?v=ejw1OaEjxvw,➤ Time Team's Top 3 Maybe MOATS...?,,,,,
https://www.youtube.com/watch?v=BnrTe3hgcO4,"""An Extraordinary Phallus"" | Time Team Classic",,,,,
https://www.youtube.com/watch?v=NA3cml-Rywg,3 MYSTERY HOMES❓ | A Time Team Compilation,,,,,
https://www.youtube.com/watch?v=0iq6DELwOiM,Mick's Plotting Away... | Time Team Classic,,,,,
https://www.youtube.com/watch?v=51EstHjFyNI,➤Time Team's Top 3 ROMANO-BRITISH Digs,,,,,
https://www.youtube.com/watch?v=77DXpbtaEaU,In Mint Condition? | Time Team Classic,,,,,
https://www.youtube.com/watch?v=ynH4JtBJ2f0,➤Time Team's Top 3 HAUNTED Digs,,,,,
https://www.youtube.com/watch?v=r9Z0meRfCic,"""We Got It"" | Time Team Classic",,,,,
https://www.youtube.com/watch?v=CfzgsXBn5Cw,"A Village Affair (Full Episode) | S19 EP2 | Time Team (Bitterley, Shropshire)","Bitterley, Shropshire",,,19,2
https://www.youtube.com/watch?v=dwMlJ3ct-zw,➤ Time Team's Top 3 SCENIC Digs,,,,,
https://www.youtube.com/watch?v=0HDGdhdV0Bw,➤Time Team's Top 3 MODERN Digs,,,,,
https://www.youtube.com/watch?v=is0rNg2tCG0,The Queen of the Dig | Time Team Classic,,,,,
https://www.youtube.com/watch?v=48OThhh3y84,My 3 FAVOURITE Time Team Digs (Editor's Choice 2024!),Editor's Choice 2024!,,,,
https://www.youtube.com/watch?v=eTQCkoljoaA,Boating & Burning With The Boys | Time Team Classic,,,,,
https://www.youtube.com/watch?v=UXAtbYGPP0w,➤Time Team's Top 3 DANGEROUS Digs,,,,,
https://www.youtube.com/watch?v=6f6kzds9sys,An Ancient Highway | Time Team Classic,,,,,
https://www.youtube.com/watch?v=NxnrQNVlkSk,Time Team's Ritual Seeker (The Best of Francis Pryor),The Best of Francis Pryor,,,,
https://www.youtube.com/watch?v=ylLj_hXl4MQ,Where's Our Chapel? | Time Team Classic,,,,,
https://www.youtube.com/watch?v=uvbGYIidfsE,"Dig By Wire (Full Episode) | S19 EP1 | Time Team (Gateholm Island, Pembrokeshire)","Gateholm Island, Pembrokeshire",,,19,1
https://www.youtube.com/watch?v=1GT92tPQsfM,The Map Is Wrong | Time Team Classic,,,,,
https://www.youtube.com/watch?v=3Dc3LYAWLDE,Leech Therapy | Time Team Classic,,,,,
https://www.youtube.com/watch?v=xFbILq-rp3I,Time Team's Roaming Investigator (The Best of Stewart Ainsworth),The Best of Stewart Ainsworth,,,,
https://www.youtube.com/watch?v=xZ0EV79bUgQ,A Strange Detour | Time Team Classic,,,,,
https://www.youtube.com/watch?v=BdjljzNROYg,Time Team's Field Prodigy (The Best of Phil Harding),The Best of Phil Harding,,,,
https://www.youtube.com/watch?v=ZCmOeyFeW_Y,🦌 A Deer From Yesteryear | Time Team Classic,,,,,
https://www.youtube.com/watch?v=prkuWuWVQ9M,"Time Team's FINAL FINDS XVI (Dorset, Ditches & Dead-Ends)","Dorset, Ditches & Dead-Ends",,,,
https://www.youtube.com/watch?v=GLVhdOFYWEs,"HUGE TIME TEAM NEWS | New Digs, Old Digs & Upcoming Releases",,,,,
https://www.youtube.com/watch?v=esgW3j5moYc,Phil's Neolithic Hat | Time Team Classic,,,,,
https://www.youtube.com/watch?v=xaewRAjBFBk,"Time Team's FINAL FINDS XV (Flagships, Forests & Furnaces)","Flagships, Forests & Furnaces",,,,
https://www.youtube.com/watch?v=pI-XXP3uLG8,One Foot In The GRAVE | Time Team Classic,,,,,
https://www.youtube.com/watch?v=nKYP5fjIe2Q,"Time Team's FINAL FINDS XIV (Cathedrals, Confessors & Cheese)","Cathedrals, Confessors & Cheese",,,,
https://www.youtube.com/watch?v=uW3_mGpfq6k,Swimming in Archaeology? ☂️ | Time Team Classic,,,,,
https://www.youtube.com/watch?v=ow5ro5Knkw8,"Time Team's FINAL FINDS XIII (Saints, Secrets & The Stone Age)","Saints, Secrets & The Stone Age",,,,
https://www.youtube.com/watch?v=PDxmXNiVo6o,That Day One Confidence | Time Team Classic,,,,,
https://www.youtube.com/watch?v=eWBIaDqEQ7w,➤Time Team's Top 3 FOUND BATTLEFIELDS,,,,,
https://www.youtube.com/watch?v=JR8m3rYV0oA,"Well, Well, Well... | Time Team Classic",,,,,
https://www.youtube.com/watch?v=JYuosvNZp70,"Time Team's FINAL FINDS XII (Ffrith, Flint & Faith)","Ffrith, Flint & Faith",,,,
https://www.youtube.com/watch?v=Fl7xcK4aZUU,The Hermit's Treasure | Time Team Classic,,,,,
https://www.youtube.com/watch?v=Qj8Sd0OMmPY,ᶻ 𝗓 𐰁 Slooooow Digs To Sleep To (A Time Team Compilation),A Time Team Compilation,,,,
https://www.youtube.com/watch?v=nrW5w1WKuKQ,Edward Be Confessin' | Time Team Classic,,,,,
https://www.youtube.com/watch?v=EBk8tyRVNNA,➤ Time Team's HISTORY-MAKING Digs,,,,,
https://www.youtube.com/watch?v=eiuiKuBFEWI,"One Big Win, One Wet Loss | Time Team Classic",,,,,
https://www.youtube.com/watch?v=9YL4yyrxgqQ,➤ Time Team's Mystery Trenches...,,,,,
https://www.youtube.com/watch?v=qCXQe4SJ1pc,Crackin' Chenies Manor | Time Team Classic,,,,,
https://www.youtube.com/watch?v=z8mV4X9alk0,"Time Team's FINAL FINDS XI (Boxes, Blackpatch & Buck Mill)","Boxes, Blackpatch & Buck Mill",,,,
https://www.youtube.com/watch?v=yDuBw0FVEr0,A Ring for 'Sarah' | Time Team Classic,,,,,
https://www.youtube.com/watch?v=gtbRGXLsnAE,Time Team's 3 Most Tragic Digs...,,,,,
https://www.youtube.com/watch?v=8-Cm4bN7a-w,Digging Up A Saxon Dog | Time Team Classic,,,,,
https://www.youtube.com/watch?v=wePZkbcXL4E,Time Team: The Best of the Leicestershire Digs,,,,,
https://www.youtube.com/watch?v=8rBJYS1NOms,A Smörgåsbord of History | Time Team Classic,,,,,
https://www.youtube.com/watch?v=bl7gO8ob5Ow,➤ Time Team's Top 3 CONTROVERSIAL Digs,,,,,
https://www.youtube.com/watch?v=KCvMiViMtFo,Hitting The Wheel | Time Team Classic,,,,,
https://www.youtube.com/watch?v=slThF_p77Q4,➤ Time Team's PORT-TO-PORT DISCOVERIES,,,,,
https://www.youtube.com/watch?v=kS3eT7Gf6NQ,What Are Grubenhäuser? | Time Team Classic,,,,,
https://www.youtube.com/watch?v=yiLukdFhwkA,➤ Time Team's Top 3 RITUAL REMNANTS,,,,,
https://www.youtube.com/watch?v=_KwwjavysUY,Phil the Storyteller | Time Team Classic,,,,,
https://www.youtube.com/watch?v=-3i-UN3y2bU,3 Times TIME TEAM Saved The Dig,,,,,
https://www.youtube.com/watch?v=j-5IY7kvjU0,Experts in Their Field 🦴 | Time Team Classic,,,,,
https://www.youtube.com/watch?v=qYRlIJ0hgJk,➤ Time Team's Top 3 ANCIENT CHAPELS,,,,,
https://www.youtube.com/watch?v=511WEG63NaI,A VILLA Conundrum | Time Team Classic,,,,,
https://www.youtube.com/watch?v=XbRjoDWvfjE,➤ Time Team's TOP 3 Digs for Detectorists! 🧲,,,,,
https://www.youtube.com/watch?v=K-OGrmOowi0,A Tiny Treasure Trove | Time Team Classic,,,,,
https://www.youtube.com/watch?v=iWz6o5BFBkE,Time Team's DEEPEST Discoveries...,,,,,
https://www.youtube.com/watch?v=BdH6ANlzPD8,Carenza VS Falconry | Time Team Classics,,,,,
https://www.youtube.com/watch?v=cxguPzWbQ_8,➤ Time Team's Top 3 GOLDEN HOARDS!,,,,,
https://www.youtube.com/watch?v=dWvRe01EhC0,The Loooooooooong Pit | Time Team Classic,,,,,
https://www.youtube.com/watch?v=_gSVC-YXY_8,➤Time Team's Religious Rites...,,,,,
https://www.youtube.com/watch?v=nM54LNmMjJM,31st Century Archaeology? | Time Team Classic,,,,,
https://www.youtube.com/watch?v=k9TBKijkePg,➤ Time Team's Top 3 MOSAICS,,,,,
https://www.youtube.com/watch?v=T-zr9QWxYnw,A Royal Return.. | Time Team Classic,,,,,
https://www.youtube.com/watch?v=QLzAjPGvUlg,"Time Team's FINAL FINDS X (Legions, Legends & Livestock)","Legions, Legends & Livestock",,,,
https://www.youtube.com/watch?v=1Mvw09Cya00,Prehistoric Doubts | Time Team Classic,,,,,
https://www.youtube.com/watch?v=8HfMU8OOpUI,Time Team: The Best of the Oxfordshire Digs,,,,,
https://www.youtube.com/watch?v=-iQLhOwWxZw,"Time Team's FINAL FINDS IX (Saxons, Skeletons & Schoolkids)","Saxons, Skeletons & Schoolkids",,,,
https://www.youtube.com/watch?v=PRKY7r0LgSw,Time Team: The Best of the Cambridgeshire Digs,,,,,
https://www.youtube.com/watch?v=G4ucF5lzacM,A Perfectly Preserved Ponytail | Time Team Classic,,,,,
https://www.youtube.com/watch?v=xKxDdIH5MPc,"Time Team's FINAL FINDS VIII (Castles, Cornwall & Christ)","Castles, Cornwall & Christ",,,,
https://www.youtube.com/watch?v=6MxELdopvHE,Tony Pulls His Weight | Time Team Classic,,,,,
https://www.youtube.com/watch?v=R_-nnjL4Gc0,➤ Time Team's WORKING CLASS TALES,,,,,
https://www.youtube.com/watch?v=kTE_zO3kjLE,The Cavalry Arrives | Time Team Classic,,,,,
https://www.youtube.com/watch?v=xB_3Rdj9UdY,"Time Team's FINAL FINDS VII (Groves, Gods & Glamour)","Groves, Gods & Glamour",,,,
https://www.youtube.com/watch?v=WneK2m1egn0,Who Would Live in a House Like This...? 👑 | Time Team Classic,,,,,
https://www.youtube.com/watch?v=P1q7tbNqYdY,Time Team's Top 3 Digs ABROAD,,,,,
https://www.youtube.com/watch?v=VR8AG7NDlsE,A Matter of Dung | Time Team Classic,,,,,
https://www.youtube.com/watch?v=No0kmfWaaHA,➤ Time Team's Top 3 BARRICADING WALLS,,,,,
https://www.youtube.com/watch?v=UpqOGoxblRs,The Team Goes Native | Time Team Classic,,,,,
https://www.youtube.com/watch?v=bCXoMW2G09E,➤ Time Team's KINGS & QUEENS,,,,,
https://www.youtube.com/watch?v=KkFRSi0ROFo,Loki on Scandivanian Stone | Time Team Classic,,,,,
https://www.youtube.com/watch?v=TTk0pQAdBO4,➤REVENGE of the Antiquarians | Time Team Compilation,,,,,
https://www.youtube.com/watch?v=OwY9bEIb6Bc,Surrounded By Roman Camps | Time Team Classic,,,,,
https://www.youtube.com/watch?v=GNVy1elzrSg,➤ Time Team's Top 3 KING HENRY Digs,,,,,
https://www.youtube.com/watch?v=zNYcVuO-PoE,The Roar of a Dragon | Time Team Classic,,,,,
https://www.youtube.com/watch?v=n9GBcdU0xhA,➤ Time Team's Top 3 MYSTERIOUS MONUMENTS,,,,,
https://www.youtube.com/watch?v=O9Pvp0OX8-U,The Lone Centurion | Time Team Classic,,,,,
https://www.youtube.com/watch?v=U2rhoUaUmog,➤The BANE of Archaeologists | Time Team's Top 3 Antiquarian Digs,,,,,
https://www.youtube.com/watch?v=zlxdaBEODk0,➤ Time Team's Top 3 VIKING EXCAVATIONS,,,,,
https://www.youtube.com/watch?v=oT6BrAgdzKE,Somebody Actually Lives Here? | Time Team Classic,,,,,
https://www.youtube.com/watch?v=BVpH8nRh5rI,The TOP 3 CORNISH Digs | Time Team,,,,,
https://www.youtube.com/watch?v=qXKsZCv9pMA,Depicting The Picts | Time Team Classic,,,,,
https://www.youtube.com/watch?v=hX3MhJ19GpQ,Time Team: The Best of The DURHAM Digs,,,,,
https://www.youtube.com/watch?v=5rOfx0QHPlo,Now's The 'Time!' (Come Join the Team this Black Friday),Come Join the Team this Black Friday,,,,
https://www.youtube.com/watch?v=XsOi6XCIo70,A Ceramic Clue... | Time Team Classic,,,,,
https://www.youtube.com/watch?v=BoyRIAtXl3k,The Best of PHIL VS JOHN (A Time Team Rivalry),A Time Team Rivalry,,,,
https://www.youtube.com/watch?v=iFd08hTKAzY,Towards the Tudors | Time Team Classic,,,,,
https://www.youtube.com/watch?v=rI2_YnyI6iU,Nooo A Head-in-Hands Moment | Time Team Classic,,,,,
https://www.youtube.com/watch?v=vtAO62pl4wo,➤ Time Team's Top 3 SOUTHERN Digs,,,,,
https://www.youtube.com/watch?v=Y8ywWT0K03c,➤ Time Team's Top 3 NORTHERN Digs,,,,,
https://www.youtube.com/watch?v=HrDQftDwZ_4,Time Team's 3 Most Ancient Digs...,,,,,
https://www.youtube.com/watch?v=4CufaGGqhD0,Tony Goes Ghost-Busting 👻 | Time Team Classic,,,,,
https://www.youtube.com/watch?v=FVQZ4bWUBsc,Last Chance To See! | Time Team Classic,,,,,
https://www.youtube.com/watch?v=J_eHTGAL_oE,➤ Time Team's Top 3 COASTAL Digs,,,,,
https://www.youtube.com/watch?v=Mq31aLqJVzA,A Geo-Phys Jackpot | Time Team Classic,,,,,
https://www.youtube.com/watch?v=SYNcnCOigKU,Time Team's Top 3 HISTORICAL RE-ENACTMENTS,,,,,
https://www.youtube.com/watch?v=3bewD0keTo8,The Medieval Lay of the Land | Time Team Classic,,,,,
https://www.youtube.com/watch?v=wFnzk5zYl-k,➤ Time Team's Top 3 TUDOR PERIOD Digs,,,,,
https://www.youtube.com/watch?v=kQe7ACIZmV4,Not A Roman In Sight | Time Team Classic,,,,,
https://www.youtube.com/watch?v=HSRntRe_1Mc,THIS Is Why We Think About The Roman Empire (Time Team Roman Digs for 4 Hours),Time Team Roman Digs for 4 Hours,,,,
https://www.youtube.com/watch?v=zwEO2rRhHRw,The Water Poet | Time Team Classic,,,,,
https://www.youtube.com/watch?v=y5ig5o5o68s,The Dig Does A 180° | Time Team Classic,,,,,
https://www.youtube.com/watch?v=C9rMtG7_C5Y,A Junior Discovery | Time Team Classic,,,,,
https://www.youtube.com/watch?v=dyB99bZCsj4,➤ Time Team's Top 3 FUNNIEST Digs,,,,,
https://www.youtube.com/watch?v=9t8sD8uwmNI,How To Lose History | Time Team Classic,,,,,
https://www.youtube.com/watch?v=jbbYXw0Smiw,➤ Time Team's Last of The ROMANS,,,,,
https://www.youtube.com/watch?v=nPYOESmPW4A,Just Backyard Scatter? | Time Team Classics,,,,,
https://www.youtube.com/watch?v=sey7IJ6KAKQ,➤ Time Team's Return of The ROMANS,,,,,
https://www.youtube.com/watch?v=heje39r8vSE,Recreating A 17th Century Mill | Time Team Classic,,,,,
https://www.youtube.com/watch?v=obxi65Pxyy8,"Time Team's FINAL FINDS VI (Romans, Reconstructions & Roundhouses)","Romans, Reconstructions & Roundhouses",,,,
https://www.youtube.com/watch?v=kU6oGZ39uHQ,Ancient Spectacles | Time Team Classic,,,,,
https://www.youtube.com/watch?v=MD-HH90GXfg,"Time Team's FINAL FINDS V (Courts, Coins & Centurions)","Courts, Coins & Centurions",,,,
https://www.youtube.com/watch?v=IkBzTXBGNXU,The Romans Had Bad Weapons? 𓐬 | Time Team Classic,,,,,
https://www.youtube.com/watch?v=vlykZfweppU,"Time Team's FINAL FINDS IV (Money, Mosaics & Moats)","Money, Mosaics & Moats",,,,
https://www.youtube.com/watch?v=FvXh5s04W_c,Can You Date A Site From Just A Log? | Time Team Classic,,,,,
https://www.youtube.com/watch?v=7dQ77JrSCvQ,➤ Time Team's Top 3 ROYAL DIGS (Part 2),,,,,
https://www.youtube.com/watch?v=PTBNjOXDZ2o,An Exciting New Future for TIME TEAM (Tony Robinson Back in the Field),Tony Robinson Back in the Field,,,,
https://www.youtube.com/watch?v=pt7SW_3bYWI,From The First Century? | Time Team Classic,,,,,
https://www.youtube.com/watch?v=MfkjL9jOP8k,King Harold Before 1066 | Time Team Classic,,,,,
https://www.youtube.com/watch?v=zPAfOeqip28,➤ Time Team's Top 3 SUMMERTIME Digs ☀️,,,,,
https://www.youtube.com/watch?v=MLTRFDaHUBs,➤ Time Team's Top 3 MEDIEVAL Digs,,,,,
https://www.youtube.com/watch?v=LnDfXPguXNM,A Rare Defeat For Phil! | Time Team Classic,,,,,
https://www.youtube.com/watch?v=WZZoqZO2B7U,➤ Time Team's Top 3 YIELD FIELDS,,,,,
https://www.youtube.com/watch?v=fuF-f9LKj7Y,"""What's Going On?"" | Time Team Classic",,,,,
https://www.youtube.com/watch?v=zTzz_wHnb3I,➤ Time Team's Top 3 BATHHOUSES,,,,,
https://www.youtube.com/watch?v=tArVT0Vynt4,Do It Like Harding | Time Team Classic,,,,,
https://www.youtube.com/watch?v=rtuktHvPgf4,"Time Team's FINAL FINDS III (Mills, Monks and Manors)","Mills, Monks and Manors",,,,
https://www.youtube.com/watch?v=WIErqh4rdPs,Phil Tries Firing A Musket | Time Team Classic,,,,,
https://www.youtube.com/watch?v=rR0khVGyVz0,"Time Team's FINAL FINDS II (Roads, Romans and Royalty)","Roads, Romans and Royalty",,,,
https://www.youtube.com/watch?v=rRF2pCLKw4Y,The Deadest of Ends | Time Team Classic,,,,,
https://www.youtube.com/watch?v=IrZDDFKNtPU,"Time Team's FINAL FINDS (Barges, Barracks and Brochs)","Barges, Barracks and Brochs",,,,
https://www.youtube.com/watch?v=dSW1tUCKJm4,Tony Starts A Church | Time Team Classic,,,,,
https://www.youtube.com/watch?v=w9NwVf4SyTI,Playing Battleships With The Site | Time Team Classic,,,,,
https://www.youtube.com/watch?v=heMHGL1jM4k,➤ Time Team's Top 3 BRONZE AGE Digs,,,,,
https://www.youtube.com/watch?v=PSKHdDpX7sk,Finding The Mill | Time Team Classic,,,,,
https://www.youtube.com/watch?v=Jd3y5gQqvCw,➤ The TOP 3 Time Teams? (Editor's Choice),Editor's Choice,,,,
https://www.youtube.com/watch?v=l782P0tqo8k,Which Way Went The Wheel? Time Team Classic,,,,,
https://www.youtube.com/watch?v=vRz72jMW2fM,Mick Goes Rogue | Time Team Classic,,,,,
https://www.youtube.com/watch?v=pTEPWb-vfLQ,Time Team's Top 3 NEOLITHIC Finds,,,,,
https://www.youtube.com/watch?v=ZV4x9swNhKc,It's A Tripod? | Time Team Classic,,,,,
https://www.youtube.com/watch?v=kWDRZEtZ0yM,➤ Time Team's Top 3 HARDEST Digs (Part 2),,,,,
https://www.youtube.com/watch?v=0LRppvn5y3Y,Can YOU Identify This Item? | Time Team Classic,,,,,
https://www.youtube.com/watch?v=d6iuIeKuOtw,➤ Time Team's Top 3 NORMAN Digs,,,,,
https://www.youtube.com/watch?v=pU7Ejotf3u8,Making Of A Mill | Time Team,,,,,
https://www.youtube.com/watch?v=y1XlQPrgyLg,➤ Time Team's PICTURE PERFECT POTTERY 🏺,,,,,
https://www.youtube.com/watch?v=0PUYI_4ZXNI,Phil's Weapon of Choice? | Time Team Classic,,,,,
https://www.youtube.com/watch?v=5K1v7zeSVAE,➤ Time Team's Top 3 COMMUNITY Digs,,,,,
https://www.youtube.com/watch?v=5uF-HyOafPw,Anecdotal Archaeology..? | Time Team Classic,,,,,
https://www.youtube.com/watch?v=UPtOVAT5ulc,➤ Time Team's Top 3 GEO-PHYS Victories,,,,,
https://www.youtube.com/watch?v=Mnn62q9kBW4,There's More To History Than Eras | Time Team Classic,,,,,
https://www.youtube.com/watch?v=6yTLCFnIS58,➤ Time Team's Top 3 LOST BATTLEFIELDS,,,,,
https://www.youtube.com/watch?v=rDtkq7jMcU8,Cracking Westminster Abbey | Time Team Classic,,,,,
https://www.youtube.com/watch?v=dg4hj1faFBY,➤Time Team's Top 3 VILLA HUNTS,,,,,
https://www.youtube.com/watch?v=Wl6DleFRCDo,Monastery Misbehaviour | Time Team Classic,,,,,
https://www.youtube.com/watch?v=uPMM-UK-rBU,➤ Time Team's Top 3 UNCOVERED CHURCHES,,,,,
https://www.youtube.com/watch?v=C4RxlmWamLs,Returning The Lord's Court to Portskewett | Time Team Classic,,,,,
https://www.youtube.com/watch?v=6i4jJ1SxeXw,➤Time Team's Top 3 Hardest ROMAN Digs,,,,,
https://www.youtube.com/watch?v=2jdfM191FlQ,John Gater Takes a Mud Bath | Time Team Classics,,,,,
https://www.youtube.com/watch?v=nuRsOGJ-_is,➤Time Team's Top 3 ROYAL Digs,,,,,
https://www.youtube.com/watch?v=0Ke6eVFl6Rs,➤ Time Team's Top 3 SCOTTISH Digs,,,,,
https://www.youtube.com/watch?v=VlF6kpP7XmY,Phil's Pony Ride | Time Team Classic,,,,,
https://www.youtube.com/watch?v=9YkPGE1kJM0,➤ Time Team's Top 3 FARM YARD Digs,,,,,
https://www.youtube.com/watch?v=AabI5vmumF8,Fake Nazi Medals | Time Team Classic,,,,,
https://www.youtube.com/watch?v=SsfE6pJLf0A,➤ Time Team's Top 3 WILDEST THEORIES,,,,,
https://www.youtube.com/watch?v=QKn8-R_yO4Q,Matt's New Calling... | Time Team Classic,,,,,
https://www.youtube.com/watch?v=bDYn-E9qwNU,➤ Time Team's Top 3 BURIAL GROUNDS,,,,,
https://www.youtube.com/watch?v=-kvcL6h0OLk,A Total Tree Tease | Time Team Classic,,,,,
https://www.youtube.com/watch?v=Ydu3EhdtkUw,Reacting to 1994 Time Team! | Time Team Classic,,,,,
https://www.youtube.com/watch?v=xzHb929F7Rg,➤ Time Team's Top 3 MAGNIFICENT MANORS,,,,,
https://www.youtube.com/watch?v=OYSAE8pcGPI,Don't Get In The Kiln! | Time Team Classic,,,,,
https://www.youtube.com/watch?v=DkoTAOnACOI,➤ Time Team's Top 3 AQUATIC DIGS! 🌊,,,,,
https://www.youtube.com/watch?v=bAKEyOFNu3E,A Kapital Landmark | Time Team Classic,,,,,
https://www.youtube.com/watch?v=niCjSLVDaN8,➤ Time Team's Top 3 MILL MYSTERIES,,,,,
https://www.youtube.com/watch?v=mrPTVyFH4KI,The War Crimes of Hopton Castle | Time Team Classic,,,,,
https://www.youtube.com/watch?v=tDZPXqDkUnw,A Familiar Face | Time Team Classic,,,,,
https://www.youtube.com/watch?v=oPGQYv5CYio,Phil VS The Elements | Time Team Classic,,,,,
https://www.youtube.com/watch?v=jnVanukzYcw,Phil's Fixated on Flint | Time Team Classics,,,,,
https://www.youtube.com/watch?v=49L1mgJKBAg,➤ Time Team's Top 3 BACKYARD FINDS,,,,,
https://www.youtube.com/watch?v=bjf2c4PrPpc,Overthrowing A King | Time Team Classic,,,,,
https://www.youtube.com/watch?v=RrbEksnoqWQ,Permission To Dig?! | Time Team Classic,,,,,
https://www.youtube.com/watch?v=9W-rpOyszrA,➤ Time Team's Top 3 SAXON Digs,,,,,
https://www.youtube.com/watch?v=22D2LdTwxcE,Convincing Tony the Skeptic | Time Team Classic,,,,,
https://www.youtube.com/watch?v=o3Zf17FfC8s,Unwrapping The Perfect Site! | Time Team Classic,,,,,
https://www.youtube.com/watch?v=8HswE81JOQQ,➤ Time Team's Top 3 HARDEST Digs,,,,,
https://www.youtube.com/watch?v=eMP1AA-0gV0,Joining The Ship Wreckages? | Time Team Classic,,,,,
https://www.youtube.com/watch?v=6kiHjHO_Vek,The Normans From Above | Time Team Classic,,,,,
https://www.youtube.com/watch?v=plChG9IX4Zc,➤ Time Team's Top 3 CASTLES,,,,,
https://www.youtube.com/watch?v=ZSv66Bk2RMk,The Lost Castle | Time Team Classic,,,,,
https://www.youtube.com/watch?v=1Pn_DAFrmR4,Not a Single Find...? | Time Team Classics,,,,,
https://www.youtube.com/watch?v=bqKIX9DJ4dE,The Pottery Puzzle | Time Team Classic,,,,,
https://www.youtube.com/watch?v=-p4gM3JaEoQ,➤ Time Team's Top 3 ONGOING MYSTERIES,,,,,
https://www.youtube.com/watch?v=shZGkSQBybA,The Next Generation of Archaeologists | Time Team Classic,,,,,
https://www.youtube.com/watch?v=YY_QHRLzGuY,Bringing Back The Broch | Time Team Classic,,,,,
https://www.youtube.com/watch?v=CsmF3p4jVV0,A Golden Find | Time Team Classic,,,,,
https://www.youtube.com/watch?v=A5aA_AWKav8,➤ Time Team's Top 3 FORTS,,,,,
https://www.youtube.com/watch?v=bjMvffCFI7o,Drama In The Ditch | Time Team Classic,,,,,
https://www.youtube.com/watch?v=oKA-B80Fhq4,➤ Time Team's Top 3 ROMAN Digs,,,,,
https://www.youtube.com/watch?v=fAJx6THrxOU,The Mysterious Manor | Time Team Classic,,,,,
https://www.youtube.com/watch?v=UOT4xCQxLho,➤ Time Team's Top 3 WELSH Digs,,,,,
https://www.youtube.com/watch?v=6MWf_bKuJ9s,Jesus In Cornwall? | Time Team Classic,,,,,
https://www.youtube.com/watch?v=T_t_CxxM0Ho,The Tragic Burials | Time Team Classic,,,,,
https://www.youtube.com/watch?v=2KaUVQQbJg0,➤ Time Team's Top 3 BIGGEST Digs,,,,,
https://www.youtube.com/watch?v=dJLjNqKNyLQ,The Prehistoric E.T. Stone | Time Team Classic,,,,,
https://www.youtube.com/watch?v=19qTwU_XKPA,Time Team's Dig Watch returns this September | Time Team,,,,,
https://www.youtube.com/watch?v=5DV-k7BiC_U,Hitler’s Island Fortress (Full Episode) | S18 EP4 | Time Team (Jersey),Jersey,,,18,4
https://www.youtube.com/watch?v=CE31W05fhh4,A message from Helen Geake | TIME TEAM,,,,,
https://www.youtube.com/watch?v=lEgEc6OCncs,"Under the Gravestones (Full Episode) | S18 EP6 | Time Team (Castor, Cambridgeshire)","Castor, Cambridgeshire",,,18,6
https://www.youtube.com/watch?v=Etfc-Um0Re0,"House of the White Queen (Full Episode) | S18 EP7 | Time Team (Groby, Leicestershire)","Groby, Leicestershire",,,18,7
https://www.youtube.com/watch?v=I_b5H4TaM7Q,"Furnace in the Forest (Full Episode) | S18 EP5 | Time Team (Derwentcote, County Durham)","Derwentcote, County Durham",,,18,5
https://www.youtube.com/watch?v=bJl3p2Zoi70,"Search for the Domesday Mill (Full Episode) | S18 EP10 | Time Team (Buck Mill, Somerset)","Buck Mill, Somerset",,,18,10
https://www.youtube.com/watch?v=hJQrwpEMMNM,3 NEW DIGS in 2022? | SUPPORT TIME TEAM,,,,,
https://www.youtube.com/watch?v=_-sD-A2_d7s,"Cannons and Castles (Full Episode) | S18 EP8 | Time Team (Orgueil, Jersey)","Orgueil, Jersey",,,18,8
https://www.youtube.com/watch?v=sn0zrbDsKfk,"Romans on the Range (Full Episode) | S18 EP3 | Time Team (High Ham, Somerset)","High Ham, Somerset",,,18,3
https://www.youtube.com/watch?v=ek_PKCDx-pM,"Mystery of the Manor Moat (Full Episode) | S18 EP9 | Time Team (Llancaiach, South Wales)","Llancaiach, South Wales",,,18,9
https://www.youtube.com/watch?v=WfDS68UqL00,"‘Reservoir Rituals’ (Tottiford, Devon) | Series 18 Episode 1 | Time Team","Tottiford, Devon",,,18,1
https://www.youtube.com/watch?v=Olmq4KOXaMA,"Saxon Death, Saxon Gold (Full Episode) | S18 EP2 | Time Team (West Langton, Leicestershire)","West Langton, Leicestershire",,,18,2
https://www.youtube.com/watch?v=Sa_5NcE7H2o,Where To Watch Brand New Time Team Episodes,,,,,
https://www.youtube.com/watch?v=L0ace87QKy8,TIME TEAM NEW EPISODES | Official Trailer,,,,,
https://www.youtube.com/watch?v=M6DXN8NVpGM,"TIME TEAM 2022 UPDATE: New episodes, more digs and more Classics",,,,,
https://www.youtube.com/watch?v=oJiH35-tFjE,The Massacre in the Cellar (Full Episode) | S17 EP5 | Time Team (Hopton Castle),Hopton Castle,,,17,5
https://www.youtube.com/watch?v=zf6NFWMLpDE,Potted History (Full Episode) | S17 EP6 | Time Team (Mildenhall),Mildenhall,,,17,6
https://www.youtube.com/watch?v=SttjCzjJ8VA,In the Halls of a Saxon King (Full Episode) | S17 EP4 | Time Team (Sutton Courtenay),Sutton Courtenay,,,17,4
https://www.youtube.com/watch?v=qConIWslb64,There's a Villa Here Somewhere (Full Episode) | S17 EP11 | Time Team (Litlington),Litlington,,,17,11
https://www.youtube.com/watch?v=MOfBfQ_zC7k,Governor's Green (Full Episode) | S17 EP9 | Time Team (Portsmouth),Portsmouth,,,17,9
https://www.youtube.com/watch?v=9FiJljAhdpo,Something for the Weekend (Full Episode) | S17 EP8 | Time Team (Tregruk Castle),Tregruk Castle,,,17,8
https://www.youtube.com/watch?v=51kClNdpmCc,"A Saintly Site (Full Episode) | S17 EP2 | Time Team (Isle of Mull, Inner Hebrides)","Isle of Mull, Inner Hebrides",,,17,2
https://www.youtube.com/watch?v=gwZ4NU0wLYY,"Corridors of Power (Full Episode) | S17 EP1 | Time Team (Westminster Abbey, London)","Westminster Abbey, London",,,17,1
https://www.youtube.com/watch?v=lo__tNh-Dik,"Commanding Heights (Full Episode) | S17 EP12 | Time Team (Dinmore Hill, Herefordshire)","Dinmore Hill, Herefordshire",,,17,12
https://www.youtube.com/watch?v=mpyaqTRqBTc,"Rooting for the Romans (Full Episode) | S18 EP11 | Time Team (Purlieus Wood, Cambridgeshire)","Purlieus Wood, Cambridgeshire",,,18,11
https://www.youtube.com/watch?v=JEKhRYDpWFk,"Priory Engagement (Full Episode) | S17 EP10 | Time Team (Burford, Oxfordshire)","Burford, Oxfordshire",,,17,10
https://www.youtube.com/watch?v=acEsAeMXtig,Bridge Over The River Tees (Full Episode) | S17 EP3 | Time Team (Piercebridge),Piercebridge,,,17,3
https://www.youtube.com/watch?v=X-I_c2RrEr0,"Birthplace of the Confessor (Full Episode) | S13 EP10 | Time Team (Islip, Oxfordshire)","Islip, Oxfordshire",,,13,10
https://www.youtube.com/watch?v=bTlIv2Taz1o,Rubble At The Mill (Full Episode) | S13 EP3 | Time Team (Manchester),Manchester,,,13,3
https://www.youtube.com/watch?v=-sfy7rGABKM,"The Domesday Mill (Full Episode) | S14 EP9 | Time Team (Dotton, Devon)","Dotton, Devon",,,14,9
https://www.youtube.com/watch?v=A7sjBnH6eFQ,Animal Farm (Full Episode) | S12 EP13 | Time Team (Hanslope),Hanslope,,,12,13
https://www.youtube.com/watch?v=NOSAMIwvBok,Going Upmarket With The Romans (Full Episode) | S12 EP7 | Time Team (Standish),Standish,,,12,7
https://www.youtube.com/watch?v=6zYeKiKo3o8,"Hermit Harbour (Full Episode) | S16 EP9 | Time Team (Looe Island, Cornwall)","Looe Island, Cornwall",,,16,9
https://www.youtube.com/watch?v=q7EYftxEl1E,"Fighting on the Frontier (Full Episode) | S12 EP4 | Time Team (Drumlanrig, Dumfries & Galloway)","Drumlanrig, Dumfries & Galloway",,,12,4
https://www.youtube.com/watch?v=I8GMCIHl5W0,"The Monastery and the Mansion (Full Episode) | S12 EP2 | Time Team (Nether Poppleton, Yorkshire)","Nether Poppleton, Yorkshire",,,12,2
https://www.youtube.com/watch?v=-qCU5eSzSMc,"More Time Team Classics, New Dig Updates And Special Offers",,,,,
https://www.youtube.com/watch?v=VwGigW6DH5E,TIME TEAM RETURNS – NEW DIGS AND TEAM,,,,,
https://www.youtube.com/watch?v=vSpow0idVKM,In Search of Henry V's Flagship (Full Episode) | S12 EP6 | Time Team (Bursledon),Bursledon,,,12,6
https://www.youtube.com/watch?v=Pj-tPz5LnWM,Keeping Up With The Georgians (Full Episode) | S15 EP7 | Time Team (Somerset),Somerset,,,15,7
https://www.youtube.com/watch?v=A70ExrIWQ0c,The First Tudor Palace (Full Episode) | S13 EP4 | Time Team (Esher),Esher,,,13,4
https://www.youtube.com/watch?v=myVh270TADw,"School Diggers (Full Episode) | S14 EP3 | Time Team (Hooke Court, Dorset)","Hooke Court, Dorset",,,14,3
https://www.youtube.com/watch?v=HGG27k7pTO4,In the Shadow of the Tor (Full Episode) | S14 EP13 | Time Team (Bodmin Moor),Bodmin Moor,,,14,13
https://www.youtube.com/watch?v=e49Z5Lnvz20,Castle in the Round (Full Episode) | S13 EP8 | Time Team (Queenborough),Queenborough,,,13,8
https://www.youtube.com/watch?v=oEs_us18fZU,Bodies In The Shed (Full Episode) | S13 EP1 | Time Team (Glendon),Glendon,,,13,1
https://www.youtube.com/watch?v=jUydo57HKh4,"Picts And Hermits (Full Episode) | S12 EP8 | Time Team (Wemyss, Fife)","Wemyss, Fife",,,12,8
https://www.youtube.com/watch?v=OubmpRSxV1g,The Taxman's Tavern: Roman Mansion (Full Episode) | S13 EP12 | Time Team (Alfoldean),Alfoldean,,,13,12
https://www.youtube.com/watch?v=URrI3Y1kVEM,Gold In The Moat (Full Episode) | S15 EP1 | Time Team (Codnor Castle),Codnor Castle,,,15,1
https://www.youtube.com/watch?v=xm54srcoLis,"The Boat on the Rhine (Full Episode) | S13 EP5 | Time Team (Utrecht,Netherlands)","Utrecht,Netherlands",,,13,5
https://www.youtube.com/watch?v=7G27TLrozSI,The Druids' Last Stand (Full Episode) | S14 EP4 | Time Team (Anglesey),Anglesey,,,14,4
https://www.youtube.com/watch?v=g3EaK0S4S8E,Time Team ASSEMBLE – We need YOU,,,,,
https://www.youtube.com/watch?v=w1NLaVHgVRQ,"Seven Buckets and a Buckle, Breamore, Hampshire | S09E13 | Time Team",,,,9,13
https://www.youtube.com/watch?v=aCm_P-h-sYI,"Bawsey St James, Norfolk | S06E11 | Time Team",,,,6,11
https://www.youtube.com/watch?v=rtqjGU4k4uE,"Saxons on the Edge (Full Episode) | S15 EP8 | Time Team (Stonton Wyville, Leicestershire)","Stonton Wyville, Leicestershire",,,15,8
https://www.youtube.com/watch?v=N8pK0ikTymM,"Court of the Kentish King (Full Episode) | S13 EP6 | Time Team (Eastry, Kent)","Eastry, Kent",,,13,6
https://www.youtube.com/watch?v=eqmAJzFe4X4,"Street of the Dead (Full Episode) | S15 EP2 | Time Team (Binchester, County Durham)","Binchester, County Durham",,,15,2
https://www.youtube.com/watch?v=DZTsAh2frfI,"A Port and Stilton (Full Episode) | S14 EP6 | Time Team (Stilton, Cambridgeshire)","Stilton, Cambridgeshire",,,14,6
https://www.youtube.com/watch?v=Lpl2i7CEe_o,"Mystery of the Ice Cream Villa (Full Episode) | S16 EP8 | Time Team (Yelnow Villa, Colworth)","Yelnow Villa, Colworth",,,16,8
https://www.youtube.com/watch?v=W2pdMNDgd88,DIG DEEPER WITH TIME TEAM OFFICIAL AND PATREON,,,,,
https://www.youtube.com/watch?v=8zr9alncef0,"There's No Place Like Rome (Full Episode) | S14 EP2 | Time Team (Blacklands, Somerset)","Blacklands, Somerset",,,14,2
https://www.youtube.com/watch?v=PC5U4uhESdg,The Manor That's Back to Front (Full Episode) | S12 EP1 | Time Team (Chenies Manor),Chenies Manor,,,12,1
https://www.youtube.com/watch?v=nL4sSh2V1E4,"The Abbey Habit (Full Episode) | S14 EP12 | Time Team (Poulton, Cheshire)","Poulton, Cheshire",,,14,12
https://www.youtube.com/watch?v=Tu4QAW1HZ0I,Tower Blocks and Togas (Full Episode) | S12 EP12 | Time Team (South Shields),South Shields,,,12,12
https://www.youtube.com/watch?v=GV1MMcr32X4,"5000 Tons of Stone (Full Episode) | S15 EP11 | Time Team (Hamsterley, County Durham)","Hamsterley, County Durham",,,15,11
https://www.youtube.com/watch?v=1NvMGhtq30E,"A Neolithic Cathedral? (Full Episode) | S12 EP5 | Time Team (Northborough, Peterborough)","Northborough, Peterborough",,,12,5
https://www.youtube.com/watch?v=hX5SHTWWbQE,"The Romans Recycle (Full Episode) | S15 EP12 | Time Team (Blackhills Farm & The Hollys, Wickenby)","Blackhills Farm & The Hollys, Wickenby",,,15,12
https://www.youtube.com/watch?v=syiVXUf911A,"Hunting King Harold (Full Episode) | S15 EP13 | Time Team (Portskewett, Wales)","Portskewett, Wales",,,15,13
https://www.youtube.com/watch?v=twjyPdElNAo,HELP US BRING TIME TEAM BACK,,,,,
https://www.youtube.com/watch?v=L6zBxQGWSGI,"Hero's Hill (Full Episode) | S16 EP3 | Time Team (Knockdhu, Co Antrim)","Knockdhu, Co Antrim",,,16,3
https://www.youtube.com/watch?v=Q3MbyQ9DwX0,"No Stone Unturned (Full Episode) | S14 EP8 | Time Team (Moss Brow Farm, Warburton)","Moss Brow Farm, Warburton",,,14,8
https://www.youtube.com/watch?v=gZ4Y6ziZGsY,"Norman Neighbours (Full Episode) | S12 EP11 | Time Team (Skipsea, Yorkshire)","Skipsea, Yorkshire",,,12,11
https://www.youtube.com/watch?v=NhuVXowS1iM,"Tale of Two Villages (Full Episode) | S14 EP7 | Time Team (Wicken, Northamptonshire)","Wicken, Northamptonshire",,,14,7
https://www.youtube.com/watch?v=olva4aMXLpg,"Early Bath (Full Episode) | S13 EP11 | Time Team (Ffrith, Flintshire)","Ffrith, Flintshire",,,13,11
https://www.youtube.com/watch?v=K20BfA6lf5k,"The Monk's Manor (Full Episode) | S13 EP7 | Time Team (Harrogate, Yorkshire)","Harrogate, Yorkshire",,,13,7
https://www.youtube.com/watch?v=CocVcfGJ_Lk,"Villas out of Molehills (Full Episode) | S13 EP2 | Time Team (Withington, Gloucestershire)","Withington, Gloucestershire",,,13,2
https://www.youtube.com/watch?v=vgRPeJWfjJk,"Skeletons in the Shed (Full Episode) | S16 EP13 | Time Team (Blythburgh, Suffolk)","Blythburgh, Suffolk",,,16,13
https://www.youtube.com/watch?v=xsjk2PxXac8,"The Puzzle of Picket's Farm (Full Episode) | S12 EP10 | Time Team (South Perrott, Dorset)","South Perrott, Dorset",,,12,10
https://www.youtube.com/watch?v=zdaEddnq1l0,"Scotch Broch (Full Episode) | S13 EP13 | Time Team (Wester Ross, Highlands)","Wester Ross, Highlands",,,13,13
https://www.youtube.com/watch?v=qz6qQS3LL8k,"From Constantinople to Cornwall (Full Episode) | S15 EP10 | Time Team (Padstow, Cornwall)","Padstow, Cornwall",,,15,10
https://www.youtube.com/watch?v=PjmIqXUCjgw,"Sussex Ups and Downs (Full Episode) | S13 EP9 | Time Team (Blackpatch, West Sussex)","Blackpatch, West Sussex",,,13,9
https://www.youtube.com/watch?v=kW3UQEDQ0zQ,"Finds on the Fairway (Full Episode) | S14 EP1 | Time Team (Speke Keeill, Isle of Man)","Speke Keeill, Isle of Man",,,14,1
https://www.youtube.com/watch?v=aJ98P549KFs,Lost Centuries at St Osyth (Full Episode) | S12 EP9 | Time Team (Essex),Essex,,,12,9
https://www.youtube.com/watch?v=kZEHXR4ED1s,"The Trouble with Temples (Full Episode) | S16 EP1 | Time Team (Friar’s Wash, Hertfordshire)","Friar’s Wash, Hertfordshire",,,16,1
https://www.youtube.com/watch?v=6bG2UUgWoRI,"The Lost City of Roxburgh, Scottish Borders | FULL EPISODE | Time Team",,,,,
https://www.youtube.com/watch?v=ixVIUQS0vho,"Roxburgh, Scottish Borders | Time Team",,,,,
https://www.youtube.com/watch?v=SEwEP9s7j9Q,"Roman Artefacts Found In South Perrott, Dorset | Time Team",,,,,
https://www.youtube.com/watch?v=hiNbeihp7qE,"Northborough, Peterborough | FULL EPISODE | Time Team",,,,,
https://www.youtube.com/watch?v=-s_LpbSlq50,"Northborough, Peterborough | Time Team",,,,,
https://www.youtube.com/watch?v=rOTfcPRyMDM,"Nether Poppleton's Monastery, Yorkshire | FULL EPISODE | Time Team",,,,,
https://www.youtube.com/watch?v=vE_SFeRftCc,"An Iron-Age Trading Centre, Green Island | FULL EPISODE | Time Team",,,,,
https://www.youtube.com/watch?v=sodkykQ5-Lc,"Reservoir Rituals (Full Episode) | S18 EP1 | Time Team (Tottiford Reservoir, Devon)","Tottiford Reservoir, Devon",,,18,1
https://www.youtube.com/watch?v=XmzdL7A5jac,The Guerilla Base of the King | Time Team,,,,,
https://www.youtube.com/watch?v=0fYODmj8B3w,King Cnut's Manor | FULL EPISODE | Time Team,,,,,
https://www.youtube.com/watch?v=PYIL5Bx6wk0,King Cnut's Manor In Nassington | Time Team,,,,,
https://www.youtube.com/watch?v=F2h72oL5ucM,"Visiting ""Castle Hill"" In Somerset | FULL EPISODE | Time Team",,,,,
https://www.youtube.com/watch?v=2zhm0JI-y5M,"Time Team Visits ""Castle Hill"" In Somerset | Time Team",,,,,
https://www.youtube.com/watch?v=cKFCuWfL8Yo,The Royal Crescent in Bath | FULL EPISODE | Time Team,,,,,
https://www.youtube.com/watch?v=ZlMGhja0ZLQ,The Wreck of the Spanish Armada | Time Team,,,,,
https://www.youtube.com/watch?v=h1glHVjudPY,All About Westminster Abbey | FULL EPISODE | Time Team,,,,,
https://www.youtube.com/watch?v=fbjnzTjBP58,The Roman Town Durobrivae | Time Team,,,,,
https://www.youtube.com/watch?v=KlOoahV3XcY,Leper Hospital In Winchester | FULL EPISODE | Time Team,,,,,
https://www.youtube.com/watch?v=8ScF0liFms0,The First Road Built Into London By The Romans | Time Team,,,,,
https://www.youtube.com/watch?v=zCMDRDIuFmI,Roman Ruins In Greenwich Park | FULL EPISODE | Time Team,,,,,
https://www.youtube.com/watch?v=vZPxFwCC--Q,Settlement Of Roman Buildings In Cambridgeshire | Time Team,,,,,
https://www.youtube.com/watch?v=RERCxQkEVNQ,A Forgotten Roman Road In Cheshunt | FULL EPISODE | Time Team,,,,,
https://www.youtube.com/watch?v=cXGBzdPscWE,An Enigmatic Ancient Coin Collection | Time Team,,,,,
https://www.youtube.com/watch?v=6D8yreKToYQ,In The Hall Of A Saxon King | FULL EPISODE | Time Team,,,,,
https://www.youtube.com/watch?v=gG84_av8YDI,In Search of A Roman Praetorium | Time Team,,,,,
https://www.youtube.com/watch?v=faGxoJkvoBg,One Of The Biggest Castles Ever Built In Britain | FULL EPISODE | Time Team,,,,,
https://www.youtube.com/watch?v=mInuesqb6e4,Back To Turkdean: Revisiting One Of Britain's Largest Roman Sites | Time Team,,,,,
https://www.youtube.com/watch?v=2cS67r6G1xk,Replicating A Roman Brooch Using Ancient Technology | Time Team,,,,,
https://www.youtube.com/watch?v=jYU8hTPyiFU,An Incredible Discovery In Turkdean I Time Team,,,,,
https://www.youtube.com/watch?v=EfHOUhlkeNI,Finding Of Ancient Sword Sparks Mystery | Time Team,,,,,
https://www.youtube.com/watch?v=SaLGhyRnJnE,The Bone Cave | FULL EPISODE | Time Team,,,,,
https://www.youtube.com/watch?v=V3ggnTTtxrM,Prison Life During The Victorian Era | Time Team,,,,,
https://www.youtube.com/watch?v=dyKVa3qMohA,The Lost Viaduct | FULL EPISODE | Time Team,,,,,
https://www.youtube.com/watch?v=WV0DQoXSRc4,13th Century Pilgrims In England | Time Team,,,,,
