season,episode,title,video_title,location,lat,lng,video_url,match_method,match_score
,0,Pilot,Lost WWII Spitfire Unearthed - Revealing the Pilot’s Final Battle | Time Team - S7 E3,"Dorchester, Oxfordshire",51.643934,-1.165309,https://www.youtube.com/watch?v=SSiGABqEXU8,title,1.0
1,,Title[2],,Location[2],,,,,0.324
1,1,The Guerrilla Base of the King,The Guerilla Base of the King | Time Team,"Athelney, Somerset",51.059011,-2.936678,https://www.youtube.com/watch?v=XmzdL7A5jac,title,0.841
1,2,On the Edge of an Empire,On the Edge of an Empire | FULL EPISODE | Time Team,"Ribchester, Lancashire",53.811145,-2.532268,https://www.youtube.com/watch?v=7uGM0aVQHTw,title,1.0
1,3,The New Town of a Norman Prince,The New Town of a Norman Prince | FULL EPISODE | Time Team,"Much Wenlock, Shropshire",52.595906,-2.55725,https://www.youtube.com/watch?v=zPmM0PRqegA,title,1.0
1,4,The Fortress in the Lake,The Fortress in the Lake | FULL EPISODE | Time Team,"Llangorse Lake, Powys",51.933672,-3.268508,https://www.youtube.com/watch?v=qpJHsC5cacY,title,1.0
2,1,Lord of the Isles,Lord Of The Isles | FULL EPISODE | Time Team,"Finlaggan, Islay",55.834867,-6.171225,https://www.youtube.com/watch?v=X5_Bs7Mfj7Y,title,1.0
2,2,The Saxon Graves,The Saxon Graves | FULL EPISODE | Time Team,"Winterbourne Gunner, Wiltshire",51.115883,-1.740619,https://www.youtube.com/watch?v=dH9dHw_xsvM,title,1.0
2,3,The Lost Villa,The Lost Villa | FULL EPISODE | Time Team,"Tockenham, Wiltshire",51.512439,-1.944539,https://www.youtube.com/watch?v=a5BOojQOJz4,title,1.0
2,4,The Archbishop's Back Garden,Did We Just Find the Real First Roman Road in London? | Time Team - S2 E4,"Lambeth Palace, London",51.496999,-0.11865,https://www.youtube.com/watch?v=anUGGUPQDKg,season/episode,0.25
2,5,Medieval Dining Hall,Medieval Dining Hall | FULL EPISODE | Time Team,"Hylton Castle, Sunderland",54.92253,-1.44318,https://www.youtube.com/watch?v=34qeBgEfNDY,title,1.0
3,1,Prehistoric Fogou,,"Boleigh, CornwallTreveneague, Cornwall",50.071303,-5.582972,,,0.586
3,2,Hunting for Mammoth,Hunting for Mammoth | FULL EPISODE | Time Team,"Stanton Harcourt, Oxfordshire",51.741998,-1.402281,https://www.youtube.com/watch?v=vZuIbam4Rxg,title,1.0
3,3,Village of the Templars,Secrets of the Knights Templar Unearthed at Templecombe | Time Team - S3 E3,"Templecombe, Somerset",50.997661,-2.415219,https://www.youtube.com/watch?v=O9yOh-QbBl8,season/episode,0.362
3,4,A Wreck of the Spanish Armada,Mystery of the 16th Century Shipwreck - Time Team's Underwater Discovery | Time Team - S3 E4,"Teignmouth, Devon",50.548171,-3.48941,https://www.youtube.com/watch?v=Dg-OWrQkpBM,season/episode,0.313
3,5,Palace of the Irish Kings,Searching for King Connor's Lost Palaces - Ancient Ulster Unearthed | Time Team - S3 E5,Emain MachaCreeveroeHaughey's FortBallydoo,54.3453,-6.7186,https://www.youtube.com/watch?v=l_W1WowRw2E,season/episode,0.283
3,6,Treasures of the Roman Field,➤ Time Team's Last of The ROMANS,"Lavenham, Suffolk",52.12409,0.83037,https://www.youtube.com/watch?v=jbbYXw0Smiw,title,0.621
4,1,"Episode One (Maryland, USA)",,"St. Mary's City, Maryland, United States",38.189167,-76.432222,,,0.478
4,2,Episode Two (Mystery of the Cornish Skeletons),,"Launceston, Cornwall",50.639822,-4.334246,,,0.506
4,3,Steam-Powered Mint,,"Soho, Birmingham",52.498633,-1.923911,,,0.468
4,4,8th Century Church,,"Govan, Glasgow",55.864368,-4.312815,,,0.448
4,5,Norman and Medieval Castles,Unearthing Malton: Secrets of the Medieval Castle and Jacobean Mansion | Time Team - S4 E5,"Malton, North Yorkshire",54.134507,-0.792469,https://www.youtube.com/watch?v=kGhHtp2QpTo,season/episode,0.411
4,6,Roman Villa,Digging Through Trenches For A Roman Villa | Time Team,"Netheravon, Wiltshire",51.232406,-1.789822,https://www.youtube.com/watch?v=yVsYO5AhiIQ,title,1.0
5,1,Episode One (Search for Richmond Palace),"Search for Richmond Palace (Full Episode) | S5 EP1 | Time Team (Richmond, Surrey)","Richmond, Surrey",51.460373,-0.310116,https://www.youtube.com/watch?v=HOnJH-3IAwE,season/episode,0.473
5,2,Episode Two (Somerset Levels),"Uncovering a 3,000-Year-Old Bronze Age Mystery in the Somerset Levels | Time Team - S5 E2","Greylake, Somerset",51.098932,-2.869454,https://www.youtube.com/watch?v=JqYMoeL5YVM,season/episode,0.411
5,3,"Episode Three (Sanday, Orkney)","Sanday, Orkney (Full Episode) | S5 EP3 | Time Team","Sanday, Orkney",59.264121,-2.60732,https://www.youtube.com/watch?v=4NFiKwXTMdU,season/episode,0.371
5,4,Turkdean,Back To Turkdean: Revisiting One Of Britain's Largest Roman Sites | Time Team,"Turkdean, Gloucestershire",51.86964,-1.85854,https://www.youtube.com/watch?v=mInuesqb6e4,title,1.0
5,5,"Episode Five (Beaker Settlement, Mallorca, Spain)","Beaker Settlement (Full Episode) | S5 EP5 | Time Team (Majorca, Spain)","Deià, Mallorca, Spain",39.712479,2.600798,https://www.youtube.com/watch?v=c9IfJqfPBdw,season/episode,0.566
5,6,Episode Six (Aston Eyre),,"Aston Eyre, Shropshire",52.543986,-2.513156,,,0.462
5,7,"Episode Seven (Cathedral Hill, Downpatrick, County Down)","Cathedral Hill (Full Episode) | S5 EP7 | Time Team (Downpatrick, County Down)","Downpatrick, County Down",54.327224,-5.721692,https://www.youtube.com/watch?v=8KrRsZfju2c,season/episode,0.633
5,8,Episode Eight (High Worsall),"High Worsall (Full Episode) | S5 EP8 | Time Team (High Worsall, North Yorkshire)","High Worsall, North Yorkshire",54.478678,-1.405971,https://www.youtube.com/watch?v=p0SVGPGxLJI,season/episode,0.495
6,1,Wedgwood's First Factory,"Wedgwood's First Factory (Full Episode) | S6 EP1 | Time Team (Burslem, Stoke-on-Trent)","Burslem, Stoke-on-Trent",53.045818,-2.196994,https://www.youtube.com/watch?v=zBg4_qb3Qmo,season/episode,1.0
6,2,"Episode Two (Roman Building, Papcastle, Cumbria)",,"Papcastle, Cumbria",54.668705,-3.380394,,,0.526
6,3,"Episode Three (Dominican Friary, Thetford, Norfolk)",,"Thetford, Norfolk",52.413928,0.744887,,,0.436
6,4,Cooper's Hole,,"Cheddar Gorge, Somerset",51.282857,-2.763778,,,0.408
6,5,"Episode Five (Plympton, Devon)",,"Plympton, Devon",50.382626,-4.047981,,,0.477
6,6,"Episode Six (Medieval Dockyard, Smallhythe, Kent)",,"Smallhythe, Kent",51.038072,0.700398,,,0.483
6,7,"Episode Seven (Roman Bath-house, Beauport Park, Sussex)","The Roman Bathhouse (Full Episode) | S6 EP7 | Time Team (Beauport Park, East Sussex)","Beauport Park, East Sussex",50.90247,0.539778,https://www.youtube.com/watch?v=NIi6iMinOug,season/episode,0.603
6,8,Bombers in Reedham Marshes,,"Reedham marshes, Norfolk",52.578406,1.586435,,,0.492
6,9,Turkdean II,,"Turkdean, Gloucestershire",51.869354,-1.858265,,,0.379
6,10,"Episode Ten (Bronze Age, Kemerton, Worcestershire)","Bronze Age Cropmarks (Full Episode) | S6 EP10 | Time Team (Kemerton, Worcestershire)","Kemerton, Worcestershire",52.028665,-2.086049,https://www.youtube.com/watch?v=vhF-74dMBJU,season/episode,0.562
6,11,"Episode Eleven (Norman Church, Bawsey, Norfolk)","Bawsey St James, Norfolk | S06E11 | Time Team","Bawsey, Norfolk",52.759183,0.462398,https://www.youtube.com/watch?v=aCm_P-h-sYI,season/episode,0.337
6,12,Nevis (Part 1 of 2),Nevis: Part 1 (Full Episode) | S6 EP12 | Time Team (Saint Kitts and Nevis),"Nevis, West Indies",17.152638,-62.612752,https://www.youtube.com/watch?v=bssVE1F896Y,season/episode,0.39
6,13,Nevis (Part 2 of 2),Lost Jamestown Found: Unearthing Nevis's Hidden History | Time Team - S6 E13,"Nevis, West Indies",17.152638,-62.612752,https://www.youtube.com/watch?v=YoBTVy78O9M,season/episode,0.205
7,1,A Muslim Port in Spain,"A Muslim Port in Spain (Full Episode) | S7 EP1 | Time Team (Denia, Spain)","Denia, Spain",38.840361,0.113166,https://www.youtube.com/watch?v=kxe3zXFPXo8,season/episode,1.0
7,2,The Mosaic at the Bottom of the Garden,,"Cirencester, Gloucestershire",51.712179,-1.961577,,,0.55
7,3,One of the First Spitfires Lost in France,Lost WWII Spitfire Unearthed - Revealing the Pilot’s Final Battle | Time Team - S7 E3,"Wierre-Effroy, France",50.778998,1.741021,https://www.youtube.com/watch?v=SSiGABqEXU8,season/episode,0.317
7,4,An Iron-Age Roundhouse and a Henge,Unearthing Wadden: 4000 Years of Secrets Beneath a Dorset Village | Time Team - S7 E4,"Waddon, Dorset",50.670234,-2.545086,https://www.youtube.com/watch?v=8nJ-nr1cA2k,season/episode,0.246
7,5,Hadrian's Wall,,"Birdoswald, Cumbria",54.989232,-2.604935,,,0.375
7,6,In Search of the Earliest Traces of Mankind,"In Search of the Earliest Traces of Mankind (Full Episode) | S7 EP6 | Time Team (Elveden, Suffolk)","Elveden, Suffolk",52.392274,0.658067,https://www.youtube.com/watch?v=OQSG2t4CTPQ,season/episode,1.0
7,7,The Missing Cathedral and the Diabetic Prior,The Missing Cathedral and the Diabetic Prior (Full Episode) | S7 EP7 | Time Team (Coventry),"Coventry, West Midlands",52.409056,-1.508557,https://www.youtube.com/watch?v=38EZEilgADQ,season/episode,1.0
7,8,The Royalists' Last Stand,,"Basing House, Hampshire",51.270322,-1.052882,,,0.519
7,9,A Bronze-Age Barrow and Walkway,,"Flag Fen, Cambridgeshire",52.575829,-0.1845,,,0.438
7,10,In Search of the Palace of King Offa,In Search of the Palace of King Offa (Full Episode) | S7 EP10 | Time Team (Sutton St Nicholas),"Sutton St Nicholas, Herefordshire",52.109097,-2.702415,https://www.youtube.com/watch?v=OI6F1qZ5zKU,season/episode,1.0
7,11,A Roman Temple in Sight of the Millennium Dome,A Roman Temple in Sight of the Millennium Dome (Full Episode) | S7 EP11 | Time Team (Greenwich),"Greenwich, London",51.47856,0.004462,https://www.youtube.com/watch?v=g3XIfjA_XNc,season/episode,1.0
7,12,Nuns in Northumbria,"Nuns in Northumbria (Full Episode) | S7 EP12 | Time Team (Hartlepool, County Durham)","Hartlepool, County Durham",54.695233,-1.180206,https://www.youtube.com/watch?v=yCokMXCER_g,season/episode,1.0
7,13,York,"Norman Neighbours (Full Episode) | S12 EP11 | Time Team (Skipsea, Yorkshire)","York, Yorkshire",53.959484,-1.091878,https://www.youtube.com/watch?v=hxrMW0l8Hxw,title,1.0
8,1,An Anglo-Saxon Cemetery in Lincolnshire,,"Normanton, Lincolnshire",53.003676,-0.601684,,,0.486
8,2,The Man Who Bought a Castle,,"Alderton, Northamptonshire",52.116304,-0.919547,,,0.567
8,3,The Celtic Spring,"The Celtic Spring (Full Episode) | S8 EP3 | Time Team (Llygadwy, Powys)","Llygadwy, Powys",51.884672,-3.234257,https://www.youtube.com/watch?v=C-cwSxc5-xk,season/episode,1.0
8,4,A Waltham Villa,"A Waltham Villa (Full Episode) | S8 EP4 | Time Team (Waltham Field, Whittington)","Waltham Field, Whittington, Gloucestershire",51.886678,-1.991152,https://www.youtube.com/watch?v=flv_9l4JCuo,season/episode,1.0
8,5,The 'Lost Viaduct',"The Lost Viaduct (Full Episode) | S8 EP5 | Time Team (Blaenavon, Torfaen)","Blaenavon, Torfaen",51.779242,-3.090618,https://www.youtube.com/watch?v=yhSvLBVwdcE,season/episode,1.0
8,6,A Palace Sold for Scrap,"A Palace Sold for Scrap (Full Episode) | S8 EP6 | Time Team (Thame, Oxfordshire)","Rycote, Thame, Oxfordshire",51.737413,-1.035237,https://www.youtube.com/watch?v=9hs674DnvmM,season/episode,1.0
8,7,An Iron-Age Roundhouse,,"Salisbury Plain, Wiltshire",51.257064,-1.737308,,,0.538
8,8,The Bone Caves[3],"The Bone Caves (Full Episode) | S8 EP8 | Time Team (Alveston, Gloucestershire)","Alveston, Gloucestershire",51.582499,-2.530707,https://www.youtube.com/watch?v=XFdQOoe9ZEc,season/episode,0.353
8,9,The Inter-City Villa[3],,"Basildon, Berkshire",51.509468,-1.126886,,,0.549
8,10,Holy Island,"Holy Island (Full Episode) | S8 EP10 | Time Team (Lindisfarne, Northumberland)","Lindisfarne, Northumberland",55.670528,-1.798928,https://www.youtube.com/watch?v=VK-2j_eGE3I,season/episode,1.0
8,11,The Leaning Tower of Bridgnorth,The Leaning Tower of Bridgnorth (Full Episode) | S8 EP11 | Time Team (Shropshire),"Bridgnorth, Shropshire",52.532008,-2.41966,https://www.youtube.com/watch?v=Q_HhqW9uyjI,season/episode,1.0
8,12,Three Tales of Canterbury,,"Canterbury, Kent",51.278405,1.077766,,,0.491
8,13,The Leper Hospital,,"Winchester, Hampshire",51.063401,-1.280206,,,0.481
9,1,London's First Bridge,"London's First Bridge (Full Episode) | S9 EP1 | Time Team (Vauxhall, London)","Vauxhall, London",51.485502,-0.127807,https://www.youtube.com/watch?v=OhtdiyqvytI,season/episode,1.0
9,2,The Roman's Panic,,"Ancaster, Lincolnshire",52.980295,-0.533225,,,0.524
9,3,Diving for the Armada,"Diving for the Armada (Full Episode) | S9 EP3 | Time Team (Kinlochbervie, Sutherland)","Kinlochbervie, Sutherland",58.433263,-5.112194,https://www.youtube.com/watch?v=sf8Qdy2gWxg,season/episode,1.0
9,4,The Naughty Monastery,,"Chicksands, Bedfordshire",52.040364,-0.366011,,,0.456
9,5,The Furnace in the Cellar,The Furnace in the Cellar (Full Episode) | S9 EP5 | Time Team (Ironbridge Gorge),"Ironbridge Gorge, Shropshire",52.646124,-2.577345,https://www.youtube.com/watch?v=27ZbSlRjgWw,season/episode,1.0
9,6,An Ermine Street Pub,,"Cheshunt, Hertfordshire",51.720624,-0.054145,,,0.441
9,7,Iron-Age Market,"Iron-Age Market (Full Episode) | S9 EP7 | Time Team (Helford, Cornwall)","Helford, Cornwall",50.077478,-5.179886,https://www.youtube.com/watch?v=GoH0q0EBDQQ,season/episode,1.0
9,8,Siege House in Shropshire,,"High Ercall, Shropshire",52.752459,-2.602659,,,0.459
9,9,A Prehistoric Airfield,,"Throckmorton, Worcestershire",52.140294,-2.042171,,,0.483
9,10,A Lost Roman City,,"Castleford, Yorkshire",53.724441,-1.355467,,,0.491
9,11,Every Castle Needs a Lord,,"Beaudesert, Warwickshire",52.293401,-1.772098,,,0.509
9,12,Steptoe Et Filius,,"Yaverland, Isle of Wight",50.671732,-1.132267,,,0.435
9,13,Seven Buckets and a Buckle,"Seven Buckets and a Buckle (Full Episode) | S9 EP13 | Time Team (Breamore, Hampshire)","Breamore, Hampshire",50.954994,-1.772017,https://www.youtube.com/watch?v=Qi1ijJGJ9L8,season/episode,1.0
10,1,Garden Secrets,,"Raunds, Northamptonshire",52.34462,-0.539447,,,0.4
10,2,"Mosaics, Mosaics, Mosaics",,"Dinnington, Somerset",50.917925,-2.849794,,,0.417
10,3,Peak District Practices,"Peak District Practices (Full Episode) | S10 EP3 | Time Team (Carsington, Derbyshire)","Carsington, Derbyshire",53.080321,-1.64026,https://www.youtube.com/watch?v=-ATi5An380E,season/episode,1.0
10,4,The Giant's Grave,,"Fetlar, Shetland",60.594185,-0.867257,,,0.455
10,5,Joust Dig It,"Joust Dig It (Full Episode) | S10 EP5 | Time Team (Greenwich, London)","Greenwich, London",51.48223,-0.004201,https://www.youtube.com/watch?v=ewy921VSzD8,season/episode,1.0
10,6,Digging Liberty,,"Merton, London",51.413519,-0.183752,,,0.458
10,7,Death in a Crescent,,"Bath, Somerset",51.387727,-2.366371,,,0.441
10,8,Back to Our Roots[n 1],,"Athelney, Somerset",51.058863,-2.934671,,,0.414
10,9,Looking for the White House,Looking for the White House (Full Episode) | S10 EP9 | Time Team (Kew Gardens),"Kew Gardens, London",51.483024,-0.294354,https://www.youtube.com/watch?v=ayykqgn0nMU,season/episode,1.0
10,10,Rescuing the Dead,"Rescuing the Dead (Full Episode) | S10 EP10 | Time Team (Leven, Fife)","Leven, Fife",56.207395,-3.003143,https://www.youtube.com/watch?v=CbbPTfUE6rY,season/episode,1.0
10,11,Not a Blot on the Landscape,,"Castle Howard, North Yorkshire",54.120905,-0.908317,,,0.561
10,12,A View to a Kiln,"A View to a Kiln (Full Episode) | S10 EP12 | Full Episode | Time Team (Sedgefield, County Durham)","Sedgefield, County Durham",54.655019,-1.459104,https://www.youtube.com/watch?v=g6mnleThc_M,season/episode,1.0
10,13,Jailhouse Rocks,,"Appleby-in-Westmorland, Cumbria",54.578305,-2.488259,,,0.409
11,1,In Search of the Brigittine Abbey,,"Syon House, London",51.47634,-0.311899,,,0.564
11,2,A Roman Bath House and Edwardian Folly,,"Whitestaunton Manor, Somerset",50.889703,-3.024814,,,0.475
11,3,The Crannog in the Loch,,"Loch Migdale, Scottish Highlands",57.892503,-4.319505,,,0.526
11,4,Saxon Burials on the Ridge,,"South Carlton, Lincolnshire",53.28181,-0.566168,,,0.58
11,5,The Roman Fort That Wasn't There,The Roman Fort That Wasn't There | FULL EPISODE | Time Team,"Syndale, Kent",51.313727,0.860548,https://www.youtube.com/watch?v=lFc7SpPINDU,title,1.0
11,6,An Iron-Age Trading Centre,"An Iron-Age Trading Centre, Green Island | FULL EPISODE | Time Team","Green Island, Dorset",50.67893,-1.990799,https://www.youtube.com/watch?v=vE_SFeRftCc,title,1.0
11,7,A Medieval Blast Furnace,A Medieval Blast Furnace | FULL EPISODE | Time Team,"The Old Furnace, Oakamoor, Staffordshire",52.98913,-1.939713,https://www.youtube.com/watch?v=4dI8r4JPM-s,title,1.0
11,8,Rescuing a Mesolithic Foreshore,,"Goldcliff, Newport",51.532536,-2.90395,,,0.438
11,9,"Fertile Soils, Rich Archaeology",,"Wittenham Clumps, Oxfordshire",51.627914,-1.180515,,,0.447
11,10,King Cnut's Manor,King Cnut's Manor | FULL EPISODE | Time Team,"Nassington, Northamptonshire",52.552655,-0.433747,https://www.youtube.com/watch?v=0fYODmj8B3w,title,1.0
11,11,Back-Garden Archaeology Revisiting a Roman villa,,"Ipswich, Suffolk",52.076522,1.132127,,,0.508
11,12,The Lost City of Roxburgh,"The Lost City of Roxburgh, Scottish Borders | FULL EPISODE | Time Team","Roxburgh, Scottish Borders",55.597499,-2.448431,https://www.youtube.com/watch?v=6bG2UUgWoRI,title,1.0
11,13,Brimming with Remains,,"Cranborne Chase, Dorset",50.928594,-2.039061,,,0.484
12,1,The Manor That's Back to Front,The Manor That's Back to Front (Full Episode) | S12 EP1 | Time Team (Chenies Manor),"Chenies Manor House, Buckinghamshire",51.674775,-0.533114,https://www.youtube.com/watch?v=kdaW5YgoTv8,season/episode,1.0
12,2,The Monastery and the Mansion,"The Monastery and the Mansion (Full Episode) | S12 EP2 | Time Team (Nether Poppleton, Yorkshire)","Nether Poppleton, North Yorkshire",53.988279,-1.148894,https://www.youtube.com/watch?v=JfMD0kOkZto,season/episode,1.0
12,3,The Bombers in the Marsh,"The Bombers in the Marsh (Full Episode) | S12 EP3 | Time Team (Warton, Lancashire)","Warton, Lancashire",53.735285,-2.935246,https://www.youtube.com/watch?v=wx6n3hJJxBM,season/episode,1.0
12,4,Fighting on the Frontier,"Fighting On The Frontier (Full Episode) | S12 EP4 | Time Team (Drumlanrig, Dumfries)","Drumlanrig, Dumfries and Galloway",55.271321,-3.80762,https://www.youtube.com/watch?v=0zZHAitHQWQ,season/episode,1.0
12,5,A Neolithic Cathedral?,"A Neolithic Cathedral? (Full Episode) | S12 EP5 | Time Team (Northborough, Peterborough)","Northborough, Cambridgeshire",52.662008,-0.29183,https://www.youtube.com/watch?v=PTDlKhS9I3c,season/episode,1.0
12,6,"In Search of Henry V's Flagship, Grace Dieu","In Search Of Henry V’s Flagship (Full Episode) | S12 EP6 | Time Team (Grace Dieu, Hampshire)","Bursledon, Hampshire",50.891844,-1.288816,https://www.youtube.com/watch?v=XHZGN5L2zRA,season/episode,0.672
12,7,Going Upmarket with the Romans,"Going Upmarket With The Romans (Full Episode) | S12 EP7 | Time Team (Standish, Gloucestershire)","Standish, Gloucestershire",51.778168,-2.29093,https://www.youtube.com/watch?v=TpVKVwgBsAE,season/episode,1.0
12,8,Picts and Hermits: Cave Dwellers of Fife,"Picts And Hermits (Full Episode) | S12 EP8 | Time Team (Wemyss, Fife)","Wemyss, Fife",56.162351,-3.057839,https://www.youtube.com/watch?v=1SH8gmE9JDM,season/episode,0.566
12,9,Lost Centuries of St Osyth,"Lost Centuries of St Osyth (Full Episode) | S12 EP9 | Time Team (St Osyth, Essex)","St Osyth, Essex",51.798826,1.06306,https://www.youtube.com/watch?v=wCOFSRhFcAM,season/episode,1.0
12,10,The Puzzle of Picket's Farm,"The Puzzle of Picket's Farm (Full Episode) | S12 EP10 | Time Team (South Perrott, Dorset)","South Perrott, Dorset",50.844866,-2.752691,https://www.youtube.com/watch?v=H69XbqOl-lA,season/episode,1.0
12,11,Norman Neighbours,"Norman Neighbours (Full Episode) | S12 EP11 | Time Team (Skipsea, Yorkshire)","Skipsea, East Riding of Yorkshire",53.967614,-0.213551,https://www.youtube.com/watch?v=hxrMW0l8Hxw,season/episode,1.0
12,12,Hunting the Romans in South Shields - Tower Blocks and Togas,Tower Blocks and Togas (Full Episode) | S12 EP12 | Time Team (South Shields),"South Shields, Tyne and Wear",55.000462,-1.432911,https://www.youtube.com/watch?v=Gy9AqzZQR68,season/episode,0.349
12,13,Animal Farm,"Animal Farm (Full Episode) | S12 EP13 | Time Team (Hanslope, Buckinghamshire)","Hanslope, Buckinghamshire",52.126082,-0.873735,https://www.youtube.com/watch?v=fMu3TjJ9Wzg,season/episode,1.0
13,1,The Bodies in the Shed - Glendon's Lost Graveyard,Bodies In The Shed (Full Episode) | S13 EP1 | Time Team (Glendon),"Glendon, Northamptonshire",52.423777,-0.757779,https://www.youtube.com/watch?v=oEs_us18fZU,season/episode,0.5
13,2,Villas out of Molehills,"Villas Out Of Molehills (Full Episode) | S13 EP2 | Time Team (Withington,Gloucestershire)","Withington, Gloucestershire",51.832918,-1.952569,https://www.youtube.com/watch?v=g_8pd9lojng,season/episode,1.0
13,3,Rubble at the Mill,Rubble At The Mill (Full Episode) | S13 EP3 | Time Team (Manchester),"Manchester, Greater Manchester",53.487311,-2.236522,https://www.youtube.com/watch?v=P95goNAvJN4,season/episode,1.0
13,4,The First Tudor Palace?,"The First Tudor Palace (Full Episode) | S13 EP4 | Time Team (Esher, Surrey)","Esher, Surrey",51.37374,-0.376815,https://www.youtube.com/watch?v=7dotgaD4CEI,season/episode,1.0
13,5,The Boat on the Rhine - A Roman Boat in Utrecht,"The Boat On The Rhine (Full Episode) | S13 EP5 | Time Team (Utrecht, Netherlands)","Utrecht, Netherlands",52.080317,5.023004,https://www.youtube.com/watch?v=6fIlOW0TFBk,season/episode,0.547
13,6,Court of the Kentish King,"Court Of The Kentish King (Full Episode) | S13 EP6 | Time Team (Eastry, Kent)","Eastry, Kent",51.256012,1.312794,https://www.youtube.com/watch?v=eboOPS1Isno,season/episode,1.0
13,7,The Monks' Manor,"The Monk’s Manor (Full Episode) | S13 EP7 | Time Team (Brigham, Yorkshire)","Brimham, Harrogate, North Yorkshire",54.062747,-1.662743,https://www.youtube.com/watch?v=BVXNXtIkFls,season/episode,0.375
13,8,Castle in the Round,"Castle in the Round (Full Episode) | S13 EP8 | Time Team (Queenborough, Kent)","Queenborough, Kent",51.416134,0.748727,https://www.youtube.com/watch?v=MKwo8JCJ6qg,season/episode,1.0
13,9,Sussex Ups and Downs,"Sussex Ups and Downs (Full Episode) | S13 EP9 | Time Team (Blackpatch, West Sussex)","Blackpatch, West Sussex",50.874978,-0.443323,https://www.youtube.com/watch?v=p7oZShw7ep8,season/episode,1.0
13,10,Birthplace of the Confessor,"Birthplace of the Confessor (Full Episode) | S13 EP10 | Time Team (Islip, Oxfordshire)","Islip, Oxfordshire",51.82505,-1.232742,https://www.youtube.com/watch?v=vq4TYvviZa4,season/episode,1.0
13,11,Early Bath,"Early Bath (Full Episode) | S13 EP11 | Time Team (Ffrith, Flintshire)","Ffrith, Flintshire",53.090283,-3.069603,https://www.youtube.com/watch?v=9148ynNBbMg,season/episode,1.0
13,12,The Taxman's Tavern - A Roman Mansio,The Taxman's Tavern: Roman Mansion (Full Episode) | S13 EP12 | Time Team (Alfoldean),"Alfoldean, Horsham, West Sussex",51.0852,-0.4046,https://www.youtube.com/watch?v=OubmpRSxV1g,season/episode,0.587
13,13,Scotch Broch,"Scotch Broch (Full Episode) | S13 EP13 | Time Team (Applecross, Scottish Highlands)","Applecross, Scottish Highlands",57.43176,-5.81387,https://www.youtube.com/watch?v=6oAL4lqqeh0,season/episode,1.0
14,1,Finds on the Fairway,"Finds on the Fairway (Full Episode) | S14 EP1 | Time Team (Speke Keeill, Isle of Man)","Mount Murray, Isle of Man",54.140615,-4.552331,https://www.youtube.com/watch?v=kW3UQEDQ0zQ,season/episode,1.0
14,2,There's No Place Like Rome,"There’s No Place Like Rome (Full Episode) | S14 EP2 | Time Team (Blacklands, Somerset)","Blacklands, near Frome, Somerset",51.28541,-2.336253,https://www.youtube.com/watch?v=i_aavjEEynw,season/episode,1.0
14,3,School Diggers Medieval,"School Diggers (Full Episode) | S14 EP3 | Time Team (Hooke Court, Dorset)","Hooke Court, Dorset",50.800806,-2.666475,https://www.youtube.com/watch?v=fUEy0ibHMc0,season/episode,0.437
14,4,The Druids' Last Stand,The Druids' Last Stand (Full Episode) | S14 EP4 | Time Team,"Amlwch, Anglesey",53.405465,-4.395224,https://www.youtube.com/watch?v=ZJ7MzmZ3MGA,season/episode,1.0
14,5,Sharpe's Redoubt,"Sharpe’s Redoubt (Full Episode) | S14 EP5 | Time Team (Sandgate, Kent)","Sandgate, Kent",51.076135,1.130013,https://www.youtube.com/watch?v=4zM7kZiz6HY,season/episode,1.0
14,6,A Port and Stilton,"A Port And Stilton (Full Episode) | S14 EP6 | Time Team (Stilton, Cambridgeshire)","Stilton, Cambridgeshire",52.493863,-0.27964,https://www.youtube.com/watch?v=p8TyT1erodE,season/episode,1.0
14,7,A Tale of Two Villages,"A Tale Of Two Villages (Full Episode) | S14 EP7 | Time Team (Wicken, Northamptonshire)","Wicken, Northamptonshire",52.04817,-0.914954,https://www.youtube.com/watch?v=V4SZfqbznps,season/episode,1.0
14,8,No Stone Unturned,"No Stone Unturned (Full Episode) | S14 EP8 | Time Team (Warburton, Greater Manchester)","Warburton, Greater Manchester",53.396554,-2.438536,https://www.youtube.com/watch?v=A_owrnq7tZ0,season/episode,1.0
14,9,The Domesday Mill,"The Domesday Mill (Full Episode) | S14 EP9 | Time Team (Dotton, Devon)","Dotton, Devon",50.689403,-3.295137,https://www.youtube.com/watch?v=VZuncwwRL6c,season/episode,1.0
14,10,The Cheyne Gang,"The Cheyne Gang (Full Episode) | S14 EP10 | Time Team (Chesham Bois, Buckinghamshire)","Chesham Bois, Buckinghamshire",51.688032,-0.600434,https://www.youtube.com/watch?v=v7szfz-4I3E,season/episode,1.0
14,11,Road to the Relics,"Road To The Relics (Full Episode) | S14 EP11 | Time Team (Godstone, Surrey)","Godstone, Surrey",51.2401,-0.0666,https://www.youtube.com/watch?v=jzawKzd5fLY,season/episode,1.0
14,12,The Abbey Habit,"The Abbey Habit (Full Episode) | S14 EP12 | Time Team (Poulton, Cheshire)","Poulton, Cheshire",53.125909,-2.888253,https://www.youtube.com/watch?v=yVSjxxTZl0M,season/episode,1.0
14,13,In the Shadow of the Tor,"In The Shadow Of The Tor (Full Episode) | S14 EP13 | Time Team (Bodmin Moor, Cornwall)","Bodmin Moor, Cornwall",50.603806,-4.627464,https://www.youtube.com/watch?v=B5_BPGGiBbY,season/episode,1.0
15,1,Gold in the Moat,"Gold In The Moat (Full Episode) | S15 EP1 | Time Team (Codnor Castle, Derbyshire)","Codnor Castle, Derbyshire",53.045125,-1.354947,https://www.youtube.com/watch?v=J8Oem3-4UuQ,season/episode,1.0
15,2,Street of the Dead,"Street Of The Dead (Full Episode) | S15 EP2 | Time Team (Binchester, County Durham)","Binchester, County Durham",54.676036,-1.674253,https://www.youtube.com/watch?v=DqPA6MC-Jm8,season/episode,1.0
15,3,Bodies in the Dunes,"Bodies In The Dunes (Full Episode) | S15 EP3 | Time Team (Barra, Outer Hebrides)","Allasdale, Barra, Western Isles",56.995162,-7.509125,https://www.youtube.com/watch?v=hD7ZGLNUydc,season/episode,1.0
15,4,The Naughty Nuns of Northampton,,"Towcester, Northamptonshire",52.150658,-0.95281,,,0.484
15,5,Mysteries of the Mosaic,"Mysteries Of The Mosaic (Full Episode) | S15 EP5 | Time Team (Coberley, Gloucestershire)","Coberley, Gloucestershire",51.835399,-2.049679,https://www.youtube.com/watch?v=3nobycsKBCs,season/episode,1.0
15,6,Blitzkrieg on Shooter's Hill,Blitzkrieg on Shooter's Hill (Full Episode) | S15 EP6 | Time Team (South London),South London,51.470522,0.071049,https://www.youtube.com/watch?v=_2ieDurqaVs,season/episode,1.0
15,7,Keeping up with the Georgians,"Keeping Up With The Georgians (Full Episode) | S15 EP7 | Time Team (Hunstrete, Somerset)","Hunstrete, Somerset",51.356569,-2.509777,https://www.youtube.com/watch?v=XvEV9VFGe8Y,season/episode,1.0
15,8,Saxons on the Edge,"Saxons On The Edge (Full Episode) | S15 EP8 | Time Team (Knave Hill, Leicestershire)","Stonton Wyville, Leicestershire",52.533367,-0.908772,https://www.youtube.com/watch?v=u2UWHtQcDKk,season/episode,1.0
15,9,Fort of the Earls,"Fort Of The Earls (Full Episode) | S15 EP9 | Time Team (Dungannon, Northern Ireland)","Dungannon, Northern Ireland",54.5058,-6.7674,https://www.youtube.com/watch?v=AC3KP8E0BEY,season/episode,1.0
15,10,From Constantinople to Cornwall,"From Constantinople to Cornwall (Full Episode) | S15 EP10 | Time Team (Padstow, Cornwall)","Padstow, North Cornwall",50.556811,-4.951477,https://www.youtube.com/watch?v=hXMlmPsFfo8,season/episode,1.0
15,11,Five Thousand Tons of Stone,"5,000 Tonnes of Stone (Full Episode) | S15 EP11 | Time Team (Hamsterley, County Durham)","Hamsterley, County Durham",54.692457,-1.840365,https://www.youtube.com/watch?v=KVzAeLFfwUQ,season/episode,0.286
15,12,The Romans Recycle,"The Romans Recycle (Full Episode) | S15 EP12 | Time Team (Wickenby, Lincolnshire)","Wickenby, Lincolnshire",53.336229,-0.358506,https://www.youtube.com/watch?v=sFNYntf0f1Q,season/episode,1.0
15,13,Hunting King Harold,"Hunting King Harold (Full Episode) | S15 EP13 | Time Team (Portskewett, South Wales)","Portskewett, Monmouthshire",51.58904,-2.725399,https://www.youtube.com/watch?v=afCFsm_gg9Y,season/episode,1.0
16,1,The Trouble with Temples,"The Trouble With Temples (Full Episode) | S16 EP1 | Time Team (Friar’s Wash, Hertfordshire)","Friar's Wash, Hertfordshire",51.8193,-0.4045,https://www.youtube.com/watch?v=pl1qVxUubIk,season/episode,1.0
16,2,The Wedding Present,"The Wedding Present (Full Episode) | S16 EP2 | Time Team (Scargill Castle, County Durham)","Scargill, County Durham",54.49173,-1.91868,https://www.youtube.com/watch?v=TVg2SJTzOko,season/episode,1.0
16,3,Heroes' Hill,"Heroes' Hill (Full Episode) | S16 EP3 | Time Team (Knockdhu, Co Antrim)","Knockdhu, County Antrim",54.89111,-5.905278,https://www.youtube.com/watch?v=elqstC4JnWw,season/episode,1.0
16,4,Toga Town,"Toga Town (Full Episode) | S16 EP4 | Time Team (Caerwent, Monmouthshire)","Caerwent, Monmouthshire",51.6133,-2.77,https://www.youtube.com/watch?v=Q5wbyvYDdrU,season/episode,1.0
16,5,"Blood, Sweat and Beers","Blood, Sweat and Beers (Full Episode) | S16 EP5 | Time Team (Rise Hill, Cumbria)","Rise Hill, Cumbria",54.29789,-2.35983,https://www.youtube.com/watch?v=wSl1UGTFuXg,season/episode,1.0
16,6,Buried Bishops and Belfries,"Buried Bishops and Belfries (Full Episode) | S16 EP6 | Time Team (Salisbury Cathedral, Wiltshire)","Salisbury Cathedral, Wiltshire",51.064722,-1.7975,https://www.youtube.com/watch?v=AHAVcf1kyV0,season/episode,1.0
16,7,Anarchy in the UK,"Anarchy in the UK (Full Episode) | S16 EP7 | Time Team (Radcot, Oxfordshire)","Radcot, Oxfordshire",51.693081,-1.588644,https://www.youtube.com/watch?v=8c74r2Mv1ws,season/episode,1.0
16,8,Mystery of the Ice Cream Villa,"Mystery of the Ice Cream Villa (Full Episode) | S16 EP8 | Time Team (Colworth, Bedfordshire)","Colworth, Bedfordshire",52.23212,-0.57711,https://www.youtube.com/watch?v=5W4b0u3_PZY,season/episode,1.0
16,9,Hermit Harbour,"Hermit Harbour (Full Episode) | S16 EP9 | Time Team (Looe, Cornwall)","Looe, Cornwall",50.34086,-4.45412,https://www.youtube.com/watch?v=s0TVoeGdlTc,season/episode,1.0
16,10,Called to the Bar,"Called to the Bar (Full Episode) | S16 EP10 | Time Team (Lincoln’s Inn, London)","Lincoln's Inn, London",51.516448,-0.11376,https://www.youtube.com/watch?v=Bkbob3qcNw8,season/episode,1.0
16,11,Beacon on the Fens,"Beacon on the Fens (Full Episode) | S16 EP11 | Time Team (Chapel Head, Cambridgeshire)","Chapel Head, Cambridgeshire",52.415706,-0.028039,https://www.youtube.com/watch?v=PUfW6BWBIjU,season/episode,1.0
16,12,The Hollow Way,"The Hollow Way (Full Episode) | S16 EP12 | Time Team (Ulnaby, County Durham)","Ulnaby, County Durham",54.549014,-1.649417,https://www.youtube.com/watch?v=dBg79tFmpO0,season/episode,1.0
16,13,Skeletons in the Shed,"Skeletons In The Shed (Full Episode) | S16 EP13 | Time Team (Blythburgh, Suffolk)","Blythburgh, Suffolk",52.32183,1.5964,https://www.youtube.com/watch?v=09fHCmldIAc,season/episode,1.0
17,1,Corridors Of Power,Corridors Of Power (Full Episode) | S17 EP1 | Time Team (Westminster),"Westminster Abbey, London",51.49944,-0.1275,https://www.youtube.com/watch?v=z-1v_xUEySE,season/episode,1.0
17,2,A Saintly Site,"A Saintly Site (Full Episode) | S17 EP2 | Time Team (Tobermory, Isle of Mull)","Isle of Mull, Inner Hebrides",56.61167,-6.08111,https://www.youtube.com/watch?v=uNSFPAprEpc,season/episode,1.0
17,3,Bridge Over The River Tees,"Bridge Over The River Tees (Full Episode) | S17 EP3 | Time Team (Piercebridge, County Durham)","Piercebridge, County Durham",54.53528,-1.67444,https://www.youtube.com/watch?v=jE8EbufmLNE,season/episode,1.0
17,4,In The Halls Of A Saxon King,In The Halls Of A Saxon King (Full Episode) | S17 EP4 | Time Team (Sutton Courtenay),"Sutton Courtenay, Oxfordshire(actually Drayton, Oxfordshire)",51.63972,-1.29528,https://www.youtube.com/watch?v=0dBUhjQOhtk,season/episode,1.0
17,5,The Massacre In The Cellar,The Massacre In The Cellar (Full Episode) | S17 EP5 | Time Team (Hopton Castle),"Hopton Castle, Shropshire",52.39583,-2.93167,https://www.youtube.com/watch?v=MIiYOgmO-Cs,season/episode,1.0
17,6,Potted History,"Potted History (Full Episode) | S17 EP6 | Time Team (Mildenhall, Wiltshire)","Mildenhall, Wiltshire",51.42306,-1.69083,https://www.youtube.com/watch?v=WU3G16hB4_I,season/episode,1.0
17,7,Death and Dominoes: The First POW Camp,"Death And Dominoes (Full Episode) | S17 EP7 | Time Team (Norman Cross, Cambridgeshire)","Norman Cross, Cambridgeshire",52.50556,-0.29028,https://www.youtube.com/watch?v=xmWXDSDqf9Y,season/episode,0.491
17,8,Something For The Weekend,"Something For The Weekend (Full Episode) | S17 EP8 | Time Team (Tregruk Castle, South Wales)","Tregruk Castle, Llangybi, Monmouthshire",51.67139,-2.92083,https://www.youtube.com/watch?v=eaewnXvuGM4,season/episode,1.0
17,9,Governor's Green,Governor's Green (Full Episode) | S17 EP9 | Time Team (Portsmouth),"Governor's Green, Portsmouth",50.78861,-1.10306,https://www.youtube.com/watch?v=uR-y6NLuKJs,season/episode,1.0
17,10,Priory Engagement,"Priory Engagement (Full Episode) | S17 EP10 | Time Team (Burford, Oxfordshire)","Burford, Oxfordshire",51.80778,-1.63694,https://www.youtube.com/watch?v=DVqxhojvbqE,season/episode,1.0
17,11,There is A Villa Here Somewhere,There's a Villa Here Somewhere (Full Episode) | S17 EP11 | Time Team (Litlington),"Litlington, Cambridgeshire",52.06583,-0.08722,https://www.youtube.com/watch?v=qConIWslb64,season/episode,0.577
17,12,Commanding Heights,"Commanding Heights (Full Episode) | S17 EP12 | Time Team (Dinmore, Herefordshire)","Dinmore Hill, Herefordshire",52.16083,-2.70111,https://www.youtube.com/watch?v=MoWV3Nx1f1w,season/episode,1.0
18,1,Reservoir Rituals,"Reservoir Rituals (Full Episode) | S18 EP1 | Time Team (Tottiford, Devon)","Tottiford Reservoir, Devon",50.636,-3.683,https://www.youtube.com/watch?v=0Z-QPsnwlVM,season/episode,1.0
18,2,"Saxon Death, Saxon Gold","Saxon Death, Saxon Gold (Full Episode) | S18 EP2 | Time Team (West Langton, Leicestershire)","West Langton, Leicestershire",52.52583,-0.94,https://www.youtube.com/watch?v=ZQNk3gSSQjc,season/episode,1.0
18,3,Romans on the Range,"Romans on the Range (Full Episode) | S18 EP3 | Time Team (High Ham, Somerset)","High Ham, Somerset",51.06167,-2.82639,https://www.youtube.com/watch?v=7nxKC8kn234,season/episode,1.0
18,4,Hitler's Island Fortress,Hitler’s Island Fortress (Full Episode) | S18 EP4 | Time Team (Jersey),"Les Gellettes, Jersey",49.20972,-2.16,https://www.youtube.com/watch?v=_eIwid-2fX4,season/episode,1.0
18,5,Furnace in the Forest,"Furnace in the Forest (Full Episode) | S18 EP5 | Time Team (Derwentcote, County Durham)","Derwentcote, County Durham",54.90389,-1.79722,https://www.youtube.com/watch?v=gbKGaH2Sjkg,season/episode,1.0
18,6,Under the Gravestones,"Under The Gravestones (Full Episode) | S18 EP6 | Time Team (Castor, Cambridgeshire)","Castor, Cambridgeshire",52.57278,-0.34278,https://www.youtube.com/watch?v=JsPqSwvzazI,season/episode,1.0
18,7,House of the White Queen,"House Of The White Queen (Full Episode) | S18 EP7 | Time Team (Groby, Leicestershire)","Groby, Leicestershire",52.66389,-1.22694,https://www.youtube.com/watch?v=yWr_URYYE_E,season/episode,1.0
18,8,Cannons and Castles,"Cannons and Castles (Full Episode) | S18 EP8 | Time Team (Mont Orgueil, Jersey)","Mont Orgueil, Jersey",49.19944,-2.01944,https://www.youtube.com/watch?v=jNRr9WILcLQ,season/episode,1.0
18,9,Mystery of the Manor Moat,"Mystery of the Manor Moat (Full Episode) | S18 EP9 | Time Team (Llancaiach Fawr, South Wales)","Llancaiach Fawr, South Wales",51.66139,-3.28139,https://www.youtube.com/watch?v=myzJiQiulsI,season/episode,1.0
18,10,Search for the Domesday Mill,"Search For the Domesday Mill (Full Episode) | S18 EP10 | Time Team (Buck Mill, Somerset)","Buck Mill, Somerset",51.05083,-2.36361,https://www.youtube.com/watch?v=P3Phc0r441Q,season/episode,1.0
18,11,Rooting For The Romans,"Rooting for the Romans (Full Episode) | S18 EP11 | Time Team (Purlieus Wood, Cambridgeshire)","Bedford Purlieus Wood, Cambridgeshire",52.58694,-0.45972,https://www.youtube.com/watch?v=mpyaqTRqBTc,season/episode,1.0
19,1,Dig By Wire,"Dig By Wire (Full Episode) | S19 EP1 | Time Team (Gateholm Island, Pembrokeshire)","Gateholm Island, Pembrokeshire",51.71944,-5.23056,https://www.youtube.com/watch?v=jOkeiwPRKUE,season/episode,1.0
19,2,A Village Affair,"A Village Affair (Full Episode) | S19 EP2 | Time Team (Bitterley, Shropshire)","Bitterley, Shropshire",52.39139,-2.63222,https://www.youtube.com/watch?v=2vdL4rdIObw,season/episode,1.0
19,3,The Drowned Town,"The Drowned Town (Full Episode) | S19 EP3 | Time Team (Dunwich, Suffolk)","Dunwich, Suffolk",52.27611,1.63,https://www.youtube.com/watch?v=WN52fqz8TUw,season/episode,1.0
19,4,The First King of Racing,"The First King of Racing (Full Episode) | S19 EP4 | Time Team (Newmarket, Suffolk)","Newmarket, Suffolk",52.24389,0.40722,https://www.youtube.com/watch?v=U7_LwpGbL-4,season/episode,1.0
19,5,Chapel of Secrets,"Chapel Of Secrets (Full Episode) | S19 EP5 | Time Team (Beadnell, Northumberland)","Beadnell, Northumberland",55.55111,-1.62167,https://www.youtube.com/watch?v=PKndTj9yhCQ,season/episode,1.0
19,6,A Copper Bottomed Dig,"A Copper Bottomed Dig (Full Episode) | S19 EP6 Time Team (Pentrechwyth, Swansea)","Pentrechwyth, Swansea",51.63389,-3.93306,https://www.youtube.com/watch?v=dLHMuzUzzDk,season/episode,1.0
19,7,The Only Earl Is Essex,"The Only Earl is Essex (Full Episode) | S19 EP7 | Time Team (Colne Priory, Essex)","Colne Priory, Essex",51.92667,0.71,https://www.youtube.com/watch?v=kMxLojFJXuI,season/episode,1.0
19,8,Secrets of the Dunes,"Secrets of the Dunes (Full Episode) | S19 EP8 | Time Team (Kenfig, Bridgend)","Kenfig, Bridgend",51.52889,-3.72889,https://www.youtube.com/watch?v=tpsAVC_XQwY,season/episode,1.0
19,9,Rome's Wild West,"Rome’s Wild West (Full Episode) | S19 EP9 | Time Team (Caerleon, Newport)","Caerleon, Newport",51.60667,-2.96611,https://www.youtube.com/watch?v=eJkoE8ijIW4,season/episode,1.0
19,10,How to Lose a Castle,"How to Lose a Castle (Full Episode) | S19 EP10 | Time Team (Crewkerne, Somerset)","Crewkerne, Somerset",50.89222,-2.82472,https://www.youtube.com/watch?v=goJlGIOIDeo,season/episode,1.0
19,11,King John's Lost Palace,"King John’s Lost Palace (Full Episode) | S19 EP11 | Time Team (Clipstone, Nottinghamshire)","Clipstone, Nottinghamshire",53.17667,-1.09889,https://www.youtube.com/watch?v=sQHb2mVzCpw,season/episode,1.0
19,12,Time Team's Guide to Burial - Compilation,➤ Time Team's Top 3 BURIAL GROUNDS,N/A,,,https://www.youtube.com/watch?v=bDYn-E9qwNU,title,0.676
19,13,Time Team's Greatest Discoveries - Compilation.,Time Team's DEEPEST Discoveries...,N/A,,,https://www.youtube.com/watch?v=iWz6o5BFBkE,title,0.747
20,1,The Forgotten Gunners of WWI,,"Grantham, Lincolnshire",52.93139,-0.61389,,,0.462
20,2,Brancaster,,"Brancaster, Norfolk",52.96389,0.65194,,,0.343
20,3,A Capital Hill,,"Ely, Cardiff",51.46722,-3.24861,,,0.44
20,4,Henham's Lost Mansions,,"Henham Park, Suffolk",52.34167,1.60111,,,0.538
20,5,Warriors,,"Figheldean, Wiltshire",51.22111,-1.76417,,,0.3
20,6,Lost Mines of Lakeland,,"Coniston, Cumbria",54.38111,-3.10306,,,0.414
20,7,Horseshoe Hall,,"Oakham Castle, Rutland",52.67083,-0.7275,,,0.372
20,8,Mystery of the Thames-side Villa,,"Dropshort, Oxfordshire",51.64167,-1.28722,,,0.548
20,9,The Lost Castle of Dundrum,The Lost Castle | Time Team Classic,"Dundrum Castle, County Down",54.26194,-5.84472,https://www.youtube.com/watch?v=ZSv66Bk2RMk,title,0.61
20,10,Wolsey's Lost Palace,,"The More, Moor Park, Hertfordshire",51.63389,-0.43722,,,0.455
20,11,An Englishman's Castle,,"Upton Castle, Cosheston, Pembrokeshire",51.70694,-4.86861,,,0.492
20,12,The Time Team Guide to Experimental Archaeology,Time Team Try Underwater Archaeology | Time Team,N/A,,,https://www.youtube.com/watch?v=R0eexuJ9mBg,title,0.602
20,13,Twenty Years of Time Team,➤Top 3 Ancient Accessories ✨  I Time Team,N/A,,,https://www.youtube.com/watch?v=iOUMT499lYI,title,0.613
21,1,Boden Iron Age Fogou (Cornwall),,"Lizard Peninsula, Cornwall",,,,,0.475
21,2,Broughton Roman Villa,,"Broughton Castle, Oxfordshire",,,,,0.521
21,3,Knights Hospitaller Preceptory,,"Halston Hall, Shropshire",,,,,0.448
21,4,Anglo-Saxon Cemetery,,"Winfarthing, Norfolk",,,,,0.511
22,1,Knights Hospitaller Preceptory,,"Halston Hall, Whittington",,,,,0.448
22,2,Anglo-Saxon Cemetery,,"Winfarthing, Norfolk",,,,,0.511
22,3,Ancient Greek City,,"Vlochos, Greece",,,,,0.519
23,1,Modbury community dig,➤ Time Team's Top 3 COMMUNITY Digs,Modbury,,,https://www.youtube.com/watch?v=5K1v7zeSVAE,title,0.604
23,2,Secrets of Wytch Farm,,Dorset,,,,,0.464
others,,Time Team History of Britain,➤ Time Team's HISTORY-MAKING Digs,N/A,,,https://www.youtube.com/watch?v=EBk8tyRVNNA,title,0.712
others,,Behind the Scenes at Time Team,Queens Of The Digs (Part I) | Time Team,N/A,,,https://www.youtube.com/watch?v=CH2PYQKyTyY,title,0.646
others,,10 Years of Time Team,The Best Of John Gater 🏛️  | Time Team,N/A,,,https://www.youtube.com/watch?v=WcOP0w6KElw,title,0.604
